"","nome_uc","outra_uc","status","prop"
"1","ÁREA DE PROTEÇÃO AMBIENTAL - PEDREGULHO","ÁREA DE PROTEÇÃO AMBIENTAL CABREUVA","intersect",18
"2","ÁREA DE PROTEÇÃO AMBIENTAL BACIA DO PARAÍBA DO SUL","ÁREA DE PROTEÇÃO AMBIENTAL CAMPOS DO JORDÃO","intersect",0
"3","ÁREA DE PROTEÇÃO AMBIENTAL BACIA DO PARAÍBA DO SUL","ÁREA DE PROTEÇÃO AMBIENTAL DA SERRA DO PALMITAL","intersect",1
"4","ÁREA DE PROTEÇÃO AMBIENTAL BACIA DO PARAÍBA DO SUL","ÁREA DE PROTEÇÃO AMBIENTAL PIRACICABA JUQUERÍ-MIRIM AREA II","intersect",0
"5","ÁREA DE PROTEÇÃO AMBIENTAL BACIA DO PARAÍBA DO SUL","ÁREA DE PROTEÇÃO AMBIENTAL SÃO FRANCISCO XAVIER","intersect",98
"6","ÁREA DE PROTEÇÃO AMBIENTAL BACIA DO PARAÍBA DO SUL","ÁREA DE PROTEÇÃO AMBIENTAL SAPUCAÍ MIRIM","intersect",0
"7","ÁREA DE PROTEÇÃO AMBIENTAL BACIA DO PARAÍBA DO SUL","ÁREA DE PROTEÇÃO AMBIENTAL SILVEIRAS","intersect",39
"8","ÁREA DE PROTEÇÃO AMBIENTAL BACIA DO PARAÍBA DO SUL","ÁREA DE PROTEÇÃO AMBIENTAL SISTEMA CANTAREIRA","intersect",0
"9","ÁREA DE PROTEÇÃO AMBIENTAL BACIA DO PARAÍBA DO SUL","FLORESTA ESTADUAL DE GUARULHOS","covered",100
"10","ÁREA DE PROTEÇÃO AMBIENTAL BACIA DO PARAÍBA DO SUL","MONUMENTO NATURAL ESTADUAL MANTIQUEIRA PAULISTA","intersect",18
"11","ÁREA DE PROTEÇÃO AMBIENTAL BACIA DO PARAÍBA DO SUL","MONUMENTO NATURAL MUNICIPAL DO PICO DO ITAGUARÉ","intersect",39
"12","ÁREA DE PROTEÇÃO AMBIENTAL BACIA DO PARAÍBA DO SUL","PARQUE ESTADUAL DA SERRA DO MAR","intersect",1
"13","ÁREA DE PROTEÇÃO AMBIENTAL BACIA DO PARAÍBA DO SUL","PARQUE ESTADUAL DE CAMPOS DO JORDÃO","intersect",0
"14","ÁREA DE PROTEÇÃO AMBIENTAL BACIA DO PARAÍBA DO SUL","PARQUE ESTADUAL DE ITABERABA","intersect",78
"15","ÁREA DE PROTEÇÃO AMBIENTAL BACIA DO PARAÍBA DO SUL","PARQUE NATURAL MUNICIPAL AUGUSTO RUSCHI","covered_buffer",100
"16","ÁREA DE PROTEÇÃO AMBIENTAL BACIA DO PARAÍBA DO SUL","PARQUE NATURAL MUNICIPAL DO CERRADO","covered_buffer",94
"17","ÁREA DE PROTEÇÃO AMBIENTAL BACIA DO PARAÍBA DO SUL","REFÚGIO DE VIDA SILVESTRE DA MATA DA REPRESA","intersect",5
"18","ÁREA DE PROTEÇÃO AMBIENTAL BACIA DO PARAÍBA DO SUL","RESERVA PARTICULAR DO PATRIMÔNIO NATURAL  RIO DOS PILÕES","covered",100
"19","ÁREA DE PROTEÇÃO AMBIENTAL BACIA DO PARAÍBA DO SUL","RESERVA PARTICULAR DO PATRIMÔNIO NATURAL FRUTA DO LOBO","covered",100
"20","ÁREA DE PROTEÇÃO AMBIENTAL BACIA DO PARAÍBA DO SUL","RESERVA PARTICULAR DO PATRIMÔNIO NATURAL PEDRA DA MINA","intersect",7
"21","ÁREA DE PROTEÇÃO AMBIENTAL BACIA DO PARAÍBA DO SUL","RESERVA PARTICULAR DO PATRIMÔNIO NATURAL RESERVA DOS MURIQUIS","covered",100
"22","ÁREA DE PROTEÇÃO AMBIENTAL BACIA DO PARAÍBA DO SUL","RESERVA PARTICULAR DO PATRIMÔNIO NATURAL SANTA RITA DE CASSIA","covered_buffer",87
"23","ÁREA DE PROTEÇÃO AMBIENTAL BACIA DO PARAÍBA DO SUL","RESERVA PARTICULAR DO PATRIMÔNIO NATURAL SERRINHA","intersect",46
"24","ÁREA DE PROTEÇÃO AMBIENTAL BACIA DO PARAÍBA DO SUL","RESERVA PARTICULAR DO PATRIMÔNIO NATURAL SÍTIO DO CANTONEIRO","covered",100
"25","ÁREA DE PROTEÇÃO AMBIENTAL BALEIA SAHY","ÁREA DE PROTEÇÃO AMBIENTAL MARINHA DO LITORAL NORTE","intersect",0
"26","ÁREA DE PROTEÇÃO AMBIENTAL BALEIA SAHY","PARQUE ESTADUAL DA SERRA DO MAR","intersect",0
"27","ÁREA DE PROTEÇÃO AMBIENTAL BARREIRO RICO","ÁREA DE PROTEÇÃO AMBIENTAL TANQUÃ-RIO PIRACICABA","intersect",0
"28","ÁREA DE PROTEÇÃO AMBIENTAL BARREIRO RICO","ESTAÇÃO ECOLÓGICA DO BARREIRO RICO","covered",100
"29","ÁREA DE PROTEÇÃO AMBIENTAL BORORÉ-COLÔNIA","ÁREA DE PROTEÇÃO AMBIENTAL MUNICIPAL DO CAPIVARI-MONOS","intersect",0
"30","ÁREA DE PROTEÇÃO AMBIENTAL BORORÉ-COLÔNIA","PARQUE NATURAL MUNICIPAL BORORÉ","covered",100
"31","ÁREA DE PROTEÇÃO AMBIENTAL BORORÉ-COLÔNIA","PARQUE NATURAL MUNICIPAL ITAIM","covered",100
"32","ÁREA DE PROTEÇÃO AMBIENTAL BORORÉ-COLÔNIA","PARQUE NATURAL MUNICIPAL VARGINHA","covered",100
"33","ÁREA DE PROTEÇÃO AMBIENTAL CABREUVA","ÁREA DE PROTEÇÃO AMBIENTAL - PEDREGULHO","intersect",91
"34","ÁREA DE PROTEÇÃO AMBIENTAL CABREUVA","ÁREA DE PROTEÇÃO AMBIENTAL JUNDIAÍ","intersect",0
"35","ÁREA DE PROTEÇÃO AMBIENTAL CAJAMAR","ÁREA DE PROTEÇÃO AMBIENTAL JUNDIAÍ","intersect",0
"36","ÁREA DE PROTEÇÃO AMBIENTAL CAJATI","PARQUE ESTADUAL DO RIO TURVO","intersect",0
"37","ÁREA DE PROTEÇÃO AMBIENTAL CAMPOS DO JORDÃO","ÁREA DE PROTEÇÃO AMBIENTAL BACIA DO PARAÍBA DO SUL","intersect",0
"38","ÁREA DE PROTEÇÃO AMBIENTAL CAMPOS DO JORDÃO","ÁREA DE PROTEÇÃO AMBIENTAL SAPUCAÍ MIRIM","intersect",0
"39","ÁREA DE PROTEÇÃO AMBIENTAL CAMPOS DO JORDÃO","MONUMENTO NATURAL ESTADUAL DA PEDRA DO BAÚ","intersect",0
"40","ÁREA DE PROTEÇÃO AMBIENTAL CAMPOS DO JORDÃO","PARQUE ESTADUAL DE CAMPOS DO JORDÃO","covered_buffer",100
"41","ÁREA DE PROTEÇÃO AMBIENTAL CAMPOS DO JORDÃO","PARQUE ESTADUAL DOS MANANCIAIS DE CAMPOS DO JORDÃO","covered_buffer",99
"42","ÁREA DE PROTEÇÃO AMBIENTAL CUESTA CORUMBATAÍ","ÁREA DE PROTEÇÃO AMBIENTAL PIRACICABA JUQUERI MIRIM ÁREA I","intersect",56
"43","ÁREA DE PROTEÇÃO AMBIENTAL CUESTA CORUMBATAÍ","ÁREA DE PROTEÇÃO AMBIENTAL TANQUÃ-RIO PIRACICABA","intersect",4
"44","ÁREA DE PROTEÇÃO AMBIENTAL CUESTA CORUMBATAÍ","ESTAÇÃO ECOLÓGICA DE ITIRAPINA","covered",100
"45","ÁREA DE PROTEÇÃO AMBIENTAL DA SERRA DE SANTO AMARO","ÁREA DE PROTEÇÃO AMBIENTAL MARINHA DO LITORAL CENTRO","intersect",0
"46","ÁREA DE PROTEÇÃO AMBIENTAL DA SERRA DE SANTO AMARO","ÁREA DE PROTEÇÃO AMBIENTAL MUNICIPAL DA SERRA DO GUARARU","intersect",0
"47","ÁREA DE PROTEÇÃO AMBIENTAL DA SERRA DO PALMITAL","ÁREA DE PROTEÇÃO AMBIENTAL BACIA DO PARAÍBA DO SUL","intersect",0
"48","ÁREA DE PROTEÇÃO AMBIENTAL DA SERRA DO PALMITAL","REFÚGIO DE VIDA SILVESTRE DA MATA DA REPRESA","covered_buffer",100
"49","ÁREA DE PROTEÇÃO AMBIENTAL DE CAMPINAS","ÁREA DE PROTEÇÃO AMBIENTAL PIRACICABA JUQUERÍ-MIRIM AREA II","intersect",2
"50","ÁREA DE PROTEÇÃO AMBIENTAL DE CANANÉIA-IGUAPÉ-PERUÍBE","ÁREA DE PROTEÇÃO AMBIENTAL ILHA COMPRIDA","intersect",31
"51","ÁREA DE PROTEÇÃO AMBIENTAL DE CANANÉIA-IGUAPÉ-PERUÍBE","ÁREA DE PROTEÇÃO AMBIENTAL MARINHA DO LITORAL CENTRO","intersect",0
"52","ÁREA DE PROTEÇÃO AMBIENTAL DE CANANÉIA-IGUAPÉ-PERUÍBE","ÁREA DE PROTEÇÃO AMBIENTAL MARINHA DO LITORAL SUL","intersect",0
"53","ÁREA DE PROTEÇÃO AMBIENTAL DE CANANÉIA-IGUAPÉ-PERUÍBE","ÁREA DE RELEVANTE INTERESSE ECOLÓGICO DO GUARÁ","intersect",80
"54","ÁREA DE PROTEÇÃO AMBIENTAL DE CANANÉIA-IGUAPÉ-PERUÍBE","ÁREA DE RELEVANTE INTERESSE ECOLÓGICO ZONA DE VIDA SILVESTRE DA APA DA ILHA COMPRIDA","intersect",40
"55","ÁREA DE PROTEÇÃO AMBIENTAL DE CANANÉIA-IGUAPÉ-PERUÍBE","ESTAÇÃO ECOLÓGICA JURÉIA-ITATINS","intersect",77
"56","ÁREA DE PROTEÇÃO AMBIENTAL DE CANANÉIA-IGUAPÉ-PERUÍBE","PARQUE ESTADUAL DA ILHA DO CARDOSO","intersect",14
"57","ÁREA DE PROTEÇÃO AMBIENTAL DE CANANÉIA-IGUAPÉ-PERUÍBE","PARQUE ESTADUAL DA SERRA DO MAR","intersect",0
"58","ÁREA DE PROTEÇÃO AMBIENTAL DE CANANÉIA-IGUAPÉ-PERUÍBE","PARQUE ESTADUAL DO ITINGUÇU","intersect",21
"59","ÁREA DE PROTEÇÃO AMBIENTAL DE CANANÉIA-IGUAPÉ-PERUÍBE","PARQUE ESTADUAL LAGAMAR DE CANANEIA","intersect",47
"60","ÁREA DE PROTEÇÃO AMBIENTAL DE CANANÉIA-IGUAPÉ-PERUÍBE","RESERVA DE DESENVOLVIMENTO SUSTENTÁVEL DA BARRA DO UNA","intersect",4
"61","ÁREA DE PROTEÇÃO AMBIENTAL DE CANANÉIA-IGUAPÉ-PERUÍBE","RESERVA DE DESENVOLVIMENTO SUSTENTÁVEL DO DESPRAIADO","covered",100
"62","ÁREA DE PROTEÇÃO AMBIENTAL DE CANANÉIA-IGUAPÉ-PERUÍBE","RESERVA DE DESENVOLVIMENTO SUSTENTÁVEL ITAPANHAPIMA","intersect",92
"63","ÁREA DE PROTEÇÃO AMBIENTAL DE CANANÉIA-IGUAPÉ-PERUÍBE","RESERVA EXTRATIVISTA ILHA DO TUMBA","intersect",45
"64","ÁREA DE PROTEÇÃO AMBIENTAL DE CANANÉIA-IGUAPÉ-PERUÍBE","RESERVA EXTRATIVISTA MANDIRA","covered",100
"65","ÁREA DE PROTEÇÃO AMBIENTAL DE CANANÉIA-IGUAPÉ-PERUÍBE","RESERVA EXTRATIVISTA TAQUARI","covered",100
"66","ÁREA DE PROTEÇÃO AMBIENTAL DE CANANÉIA-IGUAPÉ-PERUÍBE","RESERVA PARTICULAR DO PATRIMÔNIO NATURAL FAZENDA MATA NATIVA","intersect",6
"67","ÁREA DE PROTEÇÃO AMBIENTAL DE CANANÉIA-IGUAPÉ-PERUÍBE","RESERVA PARTICULAR DO PATRIMÔNIO NATURAL SERRA DO ITATINS","intersect",3
"68","ÁREA DE PROTEÇÃO AMBIENTAL DO BANHADO","PARQUE NATURAL MUNICIPAL DO BANHADO","intersect",86
"69","ÁREA DE PROTEÇÃO AMBIENTAL DO CABUÇU TANQUE GRANDE","ÁREA DE PROTEÇÃO AMBIENTAL SISTEMA CANTAREIRA","intersect",0
"70","ÁREA DE PROTEÇÃO AMBIENTAL DO CABUÇU TANQUE GRANDE","ESTAÇÃO ECOLÓGICA DO TANQUE GRANDE","covered",100
"71","ÁREA DE PROTEÇÃO AMBIENTAL DO CABUÇU TANQUE GRANDE","PARQUE ESTADUAL DA CANTAREIRA","intersect",0
"72","ÁREA DE PROTEÇÃO AMBIENTAL DO CABUÇU TANQUE GRANDE","PARQUE ESTADUAL DE ITABERABA","intersect",4
"73","ÁREA DE PROTEÇÃO AMBIENTAL DO CABUÇU TANQUE GRANDE","PARQUE NATURAL MUNICIPAL DA CULTURA NEGRA - SÍTIO DA CANDINHA","covered_buffer",100
"74","ÁREA DE PROTEÇÃO AMBIENTAL ILHA COMPRIDA","ÁREA DE PROTEÇÃO AMBIENTAL DE CANANÉIA-IGUAPÉ-PERUÍBE","intersect",3
"75","ÁREA DE PROTEÇÃO AMBIENTAL ILHA COMPRIDA","ÁREA DE PROTEÇÃO AMBIENTAL MARINHA DO LITORAL SUL","intersect",0
"76","ÁREA DE PROTEÇÃO AMBIENTAL ILHA COMPRIDA","ÁREA DE RELEVANTE INTERESSE ECOLÓGICO DO GUARÁ","intersect",51
"77","ÁREA DE PROTEÇÃO AMBIENTAL ILHA COMPRIDA","ÁREA DE RELEVANTE INTERESSE ECOLÓGICO ZONA DE VIDA SILVESTRE DA APA DA ILHA COMPRIDA","covered_buffer",100
"78","ÁREA DE PROTEÇÃO AMBIENTAL JUNDIAÍ","ÁREA DE PROTEÇÃO AMBIENTAL CABREUVA","intersect",0
"79","ÁREA DE PROTEÇÃO AMBIENTAL JUNDIAÍ","ÁREA DE PROTEÇÃO AMBIENTAL CAJAMAR","intersect",0
"80","ÁREA DE PROTEÇÃO AMBIENTAL MARINHA DO LITORAL CENTRO","ÁREA DE PROTEÇÃO AMBIENTAL DA SERRA DE SANTO AMARO","intersect",0
"81","ÁREA DE PROTEÇÃO AMBIENTAL MARINHA DO LITORAL CENTRO","ÁREA DE PROTEÇÃO AMBIENTAL DE CANANÉIA-IGUAPÉ-PERUÍBE","intersect",0
"82","ÁREA DE PROTEÇÃO AMBIENTAL MARINHA DO LITORAL CENTRO","ÁREA DE PROTEÇÃO AMBIENTAL MARINHA DO LITORAL NORTE","intersect",0
"83","ÁREA DE PROTEÇÃO AMBIENTAL MARINHA DO LITORAL CENTRO","ÁREA DE PROTEÇÃO AMBIENTAL MARINHA DO LITORAL SUL","intersect",0
"84","ÁREA DE PROTEÇÃO AMBIENTAL MARINHA DO LITORAL CENTRO","ÁREA DE PROTEÇÃO AMBIENTAL MUNICIPAL DA SERRA DO GUARARU","intersect",21
"85","ÁREA DE PROTEÇÃO AMBIENTAL MARINHA DO LITORAL CENTRO","ÁREA DE RELEVANTE INTERESSE ECOLÓGICO ILHAS QUEIMADA GRANDE E QUEIMADA PEQUENA","covered",100
"86","ÁREA DE PROTEÇÃO AMBIENTAL MARINHA DO LITORAL CENTRO","ESTAÇÃO ECOLÓGICA DOS TUPINIQUINS","intersect",47
"87","ÁREA DE PROTEÇÃO AMBIENTAL MARINHA DO LITORAL CENTRO","PARQUE ESTADUAL DO ITINGUÇU","intersect",1
"88","ÁREA DE PROTEÇÃO AMBIENTAL MARINHA DO LITORAL CENTRO","PARQUE ESTADUAL MARINHO DA LAJE DE SANTOS","covered",100
"89","ÁREA DE PROTEÇÃO AMBIENTAL MARINHA DO LITORAL CENTRO","PARQUE ESTADUAL RESTINGA DE BERTIOGA","intersect",9
"90","ÁREA DE PROTEÇÃO AMBIENTAL MARINHA DO LITORAL CENTRO","PARQUE ESTADUAL XIXOVÁ-JAPUÍ","intersect",1
"91","ÁREA DE PROTEÇÃO AMBIENTAL MARINHA DO LITORAL CENTRO","REFÚGIO DE VIDA SILVESTRE DAS ILHAS DO ABRIGO E GUARARITAMA","covered",100
"92","ÁREA DE PROTEÇÃO AMBIENTAL MARINHA DO LITORAL CENTRO","RESERVA DE DESENVOLVIMENTO SUSTENTÁVEL DA BARRA DO UNA","intersect",0
"93","ÁREA DE PROTEÇÃO AMBIENTAL MARINHA DO LITORAL CENTRO","RESERVA PARTICULAR DO PATRIMÔNIO NATURAL MARINA DO CONDE","covered_buffer",16
"94","ÁREA DE PROTEÇÃO AMBIENTAL MARINHA DO LITORAL NORTE","ÁREA DE PROTEÇÃO AMBIENTAL BALEIA SAHY","intersect",0
"95","ÁREA DE PROTEÇÃO AMBIENTAL MARINHA DO LITORAL NORTE","ÁREA DE PROTEÇÃO AMBIENTAL MARINHA DO LITORAL CENTRO","intersect",0
"96","ÁREA DE PROTEÇÃO AMBIENTAL MARINHA DO LITORAL NORTE","ÁREA DE RELEVANTE INTERESSE ECOLÓGICO DE SÃO SEBASTIÃO","intersect",56
"97","ÁREA DE PROTEÇÃO AMBIENTAL MARINHA DO LITORAL NORTE","ESTAÇÃO ECOLÓGICA TUPINAMBÁS","intersect",39
"98","ÁREA DE PROTEÇÃO AMBIENTAL MARINHA DO LITORAL NORTE","PARQUE ESTADUAL DA ILHA ANCHIETA","covered",100
"99","ÁREA DE PROTEÇÃO AMBIENTAL MARINHA DO LITORAL NORTE","PARQUE ESTADUAL DA SERRA DO MAR","intersect",0
"100","ÁREA DE PROTEÇÃO AMBIENTAL MARINHA DO LITORAL NORTE","PARQUE ESTADUAL DE ILHABELA","intersect",4
"101","ÁREA DE PROTEÇÃO AMBIENTAL MARINHA DO LITORAL NORTE","REFÚGIO DE VIDA SILVESTRE DO ARQUIPÉLAGO DE ALCATRAZES","intersect",0
"102","ÁREA DE PROTEÇÃO AMBIENTAL MARINHA DO LITORAL NORTE","RESERVA PARTICULAR DO PATRIMÔNIO NATURAL MORRO DO CURUSSU MIRIM","covered_buffer",62
"103","ÁREA DE PROTEÇÃO AMBIENTAL MARINHA DO LITORAL NORTE","RESERVA PARTICULAR DO PATRIMÔNIO NATURAL TOQUE TOQUE PEQUENO","covered_buffer",0
"104","ÁREA DE PROTEÇÃO AMBIENTAL MARINHA DO LITORAL SUL","ÁREA DE PROTEÇÃO AMBIENTAL DE CANANÉIA-IGUAPÉ-PERUÍBE","intersect",0
"105","ÁREA DE PROTEÇÃO AMBIENTAL MARINHA DO LITORAL SUL","ÁREA DE PROTEÇÃO AMBIENTAL ILHA COMPRIDA","intersect",1
"106","ÁREA DE PROTEÇÃO AMBIENTAL MARINHA DO LITORAL SUL","ÁREA DE PROTEÇÃO AMBIENTAL MARINHA DO LITORAL CENTRO","intersect",0
"107","ÁREA DE PROTEÇÃO AMBIENTAL MARINHA DO LITORAL SUL","ÁREA DE RELEVANTE INTERESSE ECOLÓGICO ZONA DE VIDA SILVESTRE DA APA DA ILHA COMPRIDA","intersect",1
"108","ÁREA DE PROTEÇÃO AMBIENTAL MARINHA DO LITORAL SUL","ESTAÇÃO ECOLÓGICA DOS TUPINIQUINS","intersect",53
"109","ÁREA DE PROTEÇÃO AMBIENTAL MARINHA DO LITORAL SUL","ESTAÇÃO ECOLÓGICA JURÉIA-ITATINS","intersect",0
"110","ÁREA DE PROTEÇÃO AMBIENTAL MARINHA DO LITORAL SUL","PARQUE ESTADUAL DA ILHA DO CARDOSO","intersect",0
"111","ÁREA DE PROTEÇÃO AMBIENTAL MARINHA DO LITORAL SUL","PARQUE ESTADUAL DO PRELADO","intersect",0
"112","ÁREA DE PROTEÇÃO AMBIENTAL MUNICIPAL DA SERRA DO GUARARU","ÁREA DE PROTEÇÃO AMBIENTAL DA SERRA DE SANTO AMARO","intersect",0
"113","ÁREA DE PROTEÇÃO AMBIENTAL MUNICIPAL DA SERRA DO GUARARU","ÁREA DE PROTEÇÃO AMBIENTAL MARINHA DO LITORAL CENTRO","intersect",0
"114","ÁREA DE PROTEÇÃO AMBIENTAL MUNICIPAL DA SERRA DO GUARARU","RESERVA PARTICULAR DO PATRIMÔNIO NATURAL MARINA DO CONDE","covered",100
"115","ÁREA DE PROTEÇÃO AMBIENTAL MUNICIPAL DO CAPIVARI-MONOS","ÁREA DE PROTEÇÃO AMBIENTAL BORORÉ-COLÔNIA","intersect",0
"116","ÁREA DE PROTEÇÃO AMBIENTAL MUNICIPAL DO CAPIVARI-MONOS","PARQUE ESTADUAL DA SERRA DO MAR","intersect",2
"117","ÁREA DE PROTEÇÃO AMBIENTAL MUNICIPAL DO CAPIVARI-MONOS","PARQUE NATURAL MUNICIPAL DA CRATERA DE COLÔNIA","covered",100
"118","ÁREA DE PROTEÇÃO AMBIENTAL MUNICIPAL DO CAPIVARI-MONOS","RESERVA PARTICULAR DO PATRIMÔNIO NATURAL SÍTIO CURUCUTU","covered",100
"119","ÁREA DE PROTEÇÃO AMBIENTAL PARQUE E FAZENDA DO CARMO","PARQUE NATURAL MUNICIPAL FAZENDA DO CARMO","covered_buffer",100
"120","ÁREA DE PROTEÇÃO AMBIENTAL PIRACICABA JUQUERI MIRIM ÁREA I","ÁREA DE PROTEÇÃO AMBIENTAL CUESTA CORUMBATAÍ","intersect",23
"121","ÁREA DE PROTEÇÃO AMBIENTAL PIRACICABA JUQUERI MIRIM ÁREA I","FLORESTA ESTADUAL EDMUNDO NAVARRO DE ANDRADE","intersect",89
"122","ÁREA DE PROTEÇÃO AMBIENTAL PIRACICABA JUQUERÍ-MIRIM AREA II","ÁREA DE PROTEÇÃO AMBIENTAL BACIA DO PARAÍBA DO SUL","intersect",0
"123","ÁREA DE PROTEÇÃO AMBIENTAL PIRACICABA JUQUERÍ-MIRIM AREA II","ÁREA DE PROTEÇÃO AMBIENTAL DE CAMPINAS","intersect",21
"124","ÁREA DE PROTEÇÃO AMBIENTAL PIRACICABA JUQUERÍ-MIRIM AREA II","ÁREA DE PROTEÇÃO AMBIENTAL SÃO FRANCISCO XAVIER","intersect",0
"125","ÁREA DE PROTEÇÃO AMBIENTAL PIRACICABA JUQUERÍ-MIRIM AREA II","ÁREA DE PROTEÇÃO AMBIENTAL SISTEMA CANTAREIRA","intersect",55
"126","ÁREA DE PROTEÇÃO AMBIENTAL PIRACICABA JUQUERÍ-MIRIM AREA II","ESTAÇÃO ECOLÓGICA MUNICIPAL DO CAETÊ","intersect",1
"127","ÁREA DE PROTEÇÃO AMBIENTAL PIRACICABA JUQUERÍ-MIRIM AREA II","MONUMENTO NATURAL ESTADUAL DA PEDRA GRANDE","intersect",0
"128","ÁREA DE PROTEÇÃO AMBIENTAL PIRACICABA JUQUERÍ-MIRIM AREA II","PARQUE ESTADUAL DE ITABERABA","intersect",11
"129","ÁREA DE PROTEÇÃO AMBIENTAL PIRACICABA JUQUERÍ-MIRIM AREA II","PARQUE ESTADUAL DE ITAPETINGA","intersect",14
"130","ÁREA DE PROTEÇÃO AMBIENTAL PIRACICABA JUQUERÍ-MIRIM AREA II","RESERVA PARTICULAR DO PATRIMÔNIO NATURAL COPAÍBA","covered",100
"131","ÁREA DE PROTEÇÃO AMBIENTAL PIRACICABA JUQUERÍ-MIRIM AREA II","RESERVA PARTICULAR DO PATRIMÔNIO NATURAL DUAS CACHOEIRAS","covered",100
"132","ÁREA DE PROTEÇÃO AMBIENTAL PIRACICABA JUQUERÍ-MIRIM AREA II","RESERVA PARTICULAR DO PATRIMÔNIO NATURAL ESTÂNCIA JATOBÁ","covered",100
"133","ÁREA DE PROTEÇÃO AMBIENTAL PIRACICABA JUQUERÍ-MIRIM AREA II","RESERVA PARTICULAR DO PATRIMÔNIO NATURAL FAZENDA SERRINHA","covered",100
"134","ÁREA DE PROTEÇÃO AMBIENTAL PIRACICABA JUQUERÍ-MIRIM AREA II","RESERVA PARTICULAR DO PATRIMÔNIO NATURAL JACARANDÁS","covered",100
"135","ÁREA DE PROTEÇÃO AMBIENTAL PIRACICABA JUQUERÍ-MIRIM AREA II","RESERVA PARTICULAR DO PATRIMÔNIO NATURAL LAFIGUEIRA - NATURARTE","intersect",1
"136","ÁREA DE PROTEÇÃO AMBIENTAL PIRACICABA JUQUERÍ-MIRIM AREA II","RESERVA PARTICULAR DO PATRIMÔNIO NATURAL RESERVA DO PINHAL - GLEBA 2","covered_buffer",0
"137","ÁREA DE PROTEÇÃO AMBIENTAL PIRACICABA JUQUERÍ-MIRIM AREA II","RESERVA PARTICULAR DO PATRIMÔNIO NATURAL RESERVA DO PINHAL - GLEBA 3","covered_buffer",2
"138","ÁREA DE PROTEÇÃO AMBIENTAL PIRACICABA JUQUERÍ-MIRIM AREA II","RESERVA PARTICULAR DO PATRIMÔNIO NATURAL SÍTIO CAETE","covered_buffer",87
"139","ÁREA DE PROTEÇÃO AMBIENTAL PLANALTO DO TURVO","PARQUE ESTADUAL DO RIO TURVO","intersect",0
"140","ÁREA DE PROTEÇÃO AMBIENTAL QUILOMBOS DO MÉDIO RIBEIRA","ÁREA DE PROTEÇÃO AMBIENTAL SERRA DO MAR","intersect",0
"141","ÁREA DE PROTEÇÃO AMBIENTAL QUILOMBOS DO MÉDIO RIBEIRA","PARQUE ESTADUAL CAVERNA DO DIABO","intersect",0
"142","ÁREA DE PROTEÇÃO AMBIENTAL QUILOMBOS DO MÉDIO RIBEIRA","PARQUE ESTADUAL INTERVALES","intersect",0
"143","ÁREA DE PROTEÇÃO AMBIENTAL QUILOMBOS DO MÉDIO RIBEIRA","PARQUE ESTADUAL TURÍSTICO DO ALTO DO RIBEIRA","intersect",0
"144","ÁREA DE PROTEÇÃO AMBIENTAL REPRESA BAIRRO DA USINA","ÁREA DE PROTEÇÃO AMBIENTAL SISTEMA CANTAREIRA","intersect",0
"145","ÁREA DE PROTEÇÃO AMBIENTAL RIO BATALHA","ESTAÇÃO ECOLÓGICA DE BAURU","covered",100
"146","ÁREA DE PROTEÇÃO AMBIENTAL RIO PARDINHO E RIO VERMELHO","PARQUE ESTADUAL DO RIO TURVO","intersect",0
"147","ÁREA DE PROTEÇÃO AMBIENTAL RIO PARDINHO E RIO VERMELHO","RESERVA DE DESENVOLVIMENTO SUSTENTÁVEL QUILOMBOS DE BARRA DO TURVO","intersect",0
"148","ÁREA DE PROTEÇÃO AMBIENTAL SÃO FRANCISCO XAVIER","ÁREA DE PROTEÇÃO AMBIENTAL BACIA DO PARAÍBA DO SUL","intersect",4
"149","ÁREA DE PROTEÇÃO AMBIENTAL SÃO FRANCISCO XAVIER","ÁREA DE PROTEÇÃO AMBIENTAL PIRACICABA JUQUERÍ-MIRIM AREA II","intersect",0
"150","ÁREA DE PROTEÇÃO AMBIENTAL SÃO FRANCISCO XAVIER","ÁREA DE PROTEÇÃO AMBIENTAL SISTEMA CANTAREIRA","intersect",0
"151","ÁREA DE PROTEÇÃO AMBIENTAL SÃO FRANCISCO XAVIER","RESERVA PARTICULAR DO PATRIMÔNIO NATURAL RESERVA DOS MURIQUIS","covered",100
"152","ÁREA DE PROTEÇÃO AMBIENTAL SAPUCAÍ MIRIM","ÁREA DE PROTEÇÃO AMBIENTAL BACIA DO PARAÍBA DO SUL","intersect",0
"153","ÁREA DE PROTEÇÃO AMBIENTAL SAPUCAÍ MIRIM","ÁREA DE PROTEÇÃO AMBIENTAL CAMPOS DO JORDÃO","intersect",0
"154","ÁREA DE PROTEÇÃO AMBIENTAL SAPUCAÍ MIRIM","MONUMENTO NATURAL ESTADUAL DA PEDRA DO BAÚ","covered_buffer",99
"155","ÁREA DE PROTEÇÃO AMBIENTAL SAPUCAÍ MIRIM","RESERVA PARTICULAR DO PATRIMÔNIO NATURAL FAZENDA RENOPOLIS","intersect",81
"156","ÁREA DE PROTEÇÃO AMBIENTAL SAPUCAÍ MIRIM","RESERVA PARTICULAR DO PATRIMÔNIO NATURAL SÍTIO SÃO JOAQUIM I","covered",100
"157","ÁREA DE PROTEÇÃO AMBIENTAL SAPUCAÍ MIRIM","RESERVA PARTICULAR DO PATRIMÔNIO NATURAL TRANSBAÚ I","covered",100
"158","ÁREA DE PROTEÇÃO AMBIENTAL SAPUCAÍ MIRIM","RESERVA PARTICULAR DO PATRIMÔNIO NATURAL VIDA EM ABUNDÂNCIA","covered",100
"159","ÁREA DE PROTEÇÃO AMBIENTAL SERRA DO ITAPETI","ÁREA DE PROTEÇÃO AMBIENTAL VÁRZEA DO RIO TIETÊ","intersect",0
"160","ÁREA DE PROTEÇÃO AMBIENTAL SERRA DO ITAPETI","ESTAÇÃO ECOLÓGICA DE ITAPETI","covered_buffer",100
"161","ÁREA DE PROTEÇÃO AMBIENTAL SERRA DO ITAPETI","RESERVA PARTICULAR DO PATRIMÔNIO NATURAL BOTUJURU-SERRA DO ITAPETY","covered_buffer",99
"162","ÁREA DE PROTEÇÃO AMBIENTAL SERRA DO MAR","ÁREA DE PROTEÇÃO AMBIENTAL QUILOMBOS DO MÉDIO RIBEIRA","intersect",0
"163","ÁREA DE PROTEÇÃO AMBIENTAL SERRA DO MAR","ESTAÇÃO ECOLÓGICA DE XITUÉ","covered",100
"164","ÁREA DE PROTEÇÃO AMBIENTAL SERRA DO MAR","PARQUE ESTADUAL CARLOS BOTELHO","intersect",0
"165","ÁREA DE PROTEÇÃO AMBIENTAL SERRA DO MAR","PARQUE ESTADUAL CAVERNA DO DIABO","intersect",0
"166","ÁREA DE PROTEÇÃO AMBIENTAL SERRA DO MAR","PARQUE ESTADUAL DA SERRA DO MAR","intersect",1
"167","ÁREA DE PROTEÇÃO AMBIENTAL SERRA DO MAR","PARQUE ESTADUAL DO JURUPARÁ","intersect",0
"168","ÁREA DE PROTEÇÃO AMBIENTAL SERRA DO MAR","PARQUE ESTADUAL INTERVALES","intersect",96
"169","ÁREA DE PROTEÇÃO AMBIENTAL SERRA DO MAR","PARQUE ESTADUAL NASCENTES DO PARANAPANEMA","intersect",94
"170","ÁREA DE PROTEÇÃO AMBIENTAL SERRA DO MAR","PARQUE ESTADUAL TURÍSTICO DO ALTO DO RIBEIRA","intersect",0
"171","ÁREA DE PROTEÇÃO AMBIENTAL SERRA DO MAR","RESERVA PARTICULAR DO PATRIMÔNIO NATURAL PARQUE DO ZIZO","covered",100
"172","ÁREA DE PROTEÇÃO AMBIENTAL SERRA DO MAR","RESERVA PARTICULAR DO PATRIMÔNIO NATURAL RESERVA MURIQUI","covered",100
"173","ÁREA DE PROTEÇÃO AMBIENTAL SERRA DO MAR","RESERVA PARTICULAR DO PATRIMÔNIO NATURAL SÃO JUDAS TADEU","covered",100
"174","ÁREA DE PROTEÇÃO AMBIENTAL SILVEIRAS","ÁREA DE PROTEÇÃO AMBIENTAL BACIA DO PARAÍBA DO SUL","intersect",6
"175","ÁREA DE PROTEÇÃO AMBIENTAL SISTEMA CANTAREIRA","ÁREA DE PROTEÇÃO AMBIENTAL BACIA DO PARAÍBA DO SUL","intersect",0
"176","ÁREA DE PROTEÇÃO AMBIENTAL SISTEMA CANTAREIRA","ÁREA DE PROTEÇÃO AMBIENTAL DO CABUÇU TANQUE GRANDE","intersect",0
"177","ÁREA DE PROTEÇÃO AMBIENTAL SISTEMA CANTAREIRA","ÁREA DE PROTEÇÃO AMBIENTAL PIRACICABA JUQUERÍ-MIRIM AREA II","intersect",49
"178","ÁREA DE PROTEÇÃO AMBIENTAL SISTEMA CANTAREIRA","ÁREA DE PROTEÇÃO AMBIENTAL SÃO FRANCISCO XAVIER","intersect",0
"179","ÁREA DE PROTEÇÃO AMBIENTAL SISTEMA CANTAREIRA","ÁREA DE PROTEÇÃO AMBIENTAL SISTEMA CANTAREIRA","covered",100
"180","ÁREA DE PROTEÇÃO AMBIENTAL SISTEMA CANTAREIRA","ESTAÇÃO ECOLÓGICA MUNICIPAL DO CAETÊ","covered",100
"181","ÁREA DE PROTEÇÃO AMBIENTAL SISTEMA CANTAREIRA","MONUMENTO NATURAL ESTADUAL DA PEDRA GRANDE","intersect",41
"182","ÁREA DE PROTEÇÃO AMBIENTAL SISTEMA CANTAREIRA","PARQUE ESTADUAL DA CANTAREIRA","intersect",9
"183","ÁREA DE PROTEÇÃO AMBIENTAL SISTEMA CANTAREIRA","PARQUE ESTADUAL DE ITABERABA","intersect",14
"184","ÁREA DE PROTEÇÃO AMBIENTAL SISTEMA CANTAREIRA","PARQUE ESTADUAL DE ITAPETINGA","intersect",68
"185","ÁREA DE PROTEÇÃO AMBIENTAL SISTEMA CANTAREIRA","PARQUE ESTADUAL DO JUQUERY","intersect",0
"186","ÁREA DE PROTEÇÃO AMBIENTAL SISTEMA CANTAREIRA","RESERVA PARTICULAR DO PATRIMÔNIO NATURAL ECOWORLD","covered",100
"187","ÁREA DE PROTEÇÃO AMBIENTAL SISTEMA CANTAREIRA","RESERVA PARTICULAR DO PATRIMÔNIO NATURAL FAZENDA SERRINHA","covered",100
"188","ÁREA DE PROTEÇÃO AMBIENTAL SISTEMA CANTAREIRA","RESERVA PARTICULAR DO PATRIMÔNIO NATURAL JACARANDÁS","covered",100
"189","ÁREA DE PROTEÇÃO AMBIENTAL SISTEMA CANTAREIRA","RESERVA PARTICULAR DO PATRIMÔNIO NATURAL LAFIGUEIRA - NATURARTE","covered",100
"190","ÁREA DE PROTEÇÃO AMBIENTAL SISTEMA CANTAREIRA","RESERVA PARTICULAR DO PATRIMÔNIO NATURAL PARAÍSO","covered",100
"191","ÁREA DE PROTEÇÃO AMBIENTAL SISTEMA CANTAREIRA","RESERVA PARTICULAR DO PATRIMÔNIO NATURAL PARQUE DAS NASCENTES","covered",100
"192","ÁREA DE PROTEÇÃO AMBIENTAL SISTEMA CANTAREIRA","RESERVA PARTICULAR DO PATRIMÔNIO NATURAL PARQUE DOS PÁSSAROS","covered",100
"193","ÁREA DE PROTEÇÃO AMBIENTAL SISTEMA CANTAREIRA","RESERVA PARTICULAR DO PATRIMÔNIO NATURAL RESERVA DO DADINHO","covered_buffer",99
"194","ÁREA DE PROTEÇÃO AMBIENTAL SISTEMA CANTAREIRA","RESERVA PARTICULAR DO PATRIMÔNIO NATURAL RESERVA DO JACU","covered_buffer",17
"195","ÁREA DE PROTEÇÃO AMBIENTAL SISTEMA CANTAREIRA","RESERVA PARTICULAR DO PATRIMÔNIO NATURAL RESERVA DO PINHAL - GLEBA 2","covered",100
"196","ÁREA DE PROTEÇÃO AMBIENTAL SISTEMA CANTAREIRA","RESERVA PARTICULAR DO PATRIMÔNIO NATURAL RESERVA DO PINHAL - GLEBA 3","covered",100
"197","ÁREA DE PROTEÇÃO AMBIENTAL SISTEMA CANTAREIRA","RESERVA PARTICULAR DO PATRIMÔNIO NATURAL SÍTIO CAETE","covered",100
"198","ÁREA DE PROTEÇÃO AMBIENTAL SISTEMA CANTAREIRA","RESERVA PARTICULAR DO PATRIMÔNIO NATURAL SÍTIO CAPUAVINHA","covered",100
"199","ÁREA DE PROTEÇÃO AMBIENTAL SISTEMA CANTAREIRA","RESERVA PARTICULAR DO PATRIMÔNIO NATURAL SÍTIO SOLAR DA MONTANHA","covered",100
"200","ÁREA DE PROTEÇÃO AMBIENTAL TANQUÃ-RIO PIRACICABA","ÁREA DE PROTEÇÃO AMBIENTAL BARREIRO RICO","intersect",0
"201","ÁREA DE PROTEÇÃO AMBIENTAL TANQUÃ-RIO PIRACICABA","ÁREA DE PROTEÇÃO AMBIENTAL CUESTA CORUMBATAÍ","intersect",0
"202","ÁREA DE PROTEÇÃO AMBIENTAL VÁRZEA DO RIO TIETÊ","ÁREA DE PROTEÇÃO AMBIENTAL SERRA DO ITAPETI","intersect",0
"203","ÁREA DE RELEVANTE INTERESSE ECOLÓGICO CERRADO PÉ-DE-GIGANTE","PARQUE ESTADUAL DE VASSUNUNGA","intersect",58
"204","ÁREA DE RELEVANTE INTERESSE ECOLÓGICO DE SÃO SEBASTIÃO","ÁREA DE PROTEÇÃO AMBIENTAL MARINHA DO LITORAL NORTE","intersect",0
"205","ÁREA DE RELEVANTE INTERESSE ECOLÓGICO DE SÃO SEBASTIÃO","PARQUE ESTADUAL DA SERRA DO MAR","intersect",0
"206","ÁREA DE RELEVANTE INTERESSE ECOLÓGICO DO GUARÁ","ÁREA DE PROTEÇÃO AMBIENTAL DE CANANÉIA-IGUAPÉ-PERUÍBE","intersect",0
"207","ÁREA DE RELEVANTE INTERESSE ECOLÓGICO DO GUARÁ","ÁREA DE PROTEÇÃO AMBIENTAL ILHA COMPRIDA","intersect",1
"208","ÁREA DE RELEVANTE INTERESSE ECOLÓGICO ILHA AMEIXAL","RESERVA DE DESENVOLVIMENTO SUSTENTÁVEL DA BARRA DO UNA","intersect",24
"209","ÁREA DE RELEVANTE INTERESSE ECOLÓGICO ILHAS QUEIMADA GRANDE E QUEIMADA PEQUENA","ÁREA DE PROTEÇÃO AMBIENTAL MARINHA DO LITORAL CENTRO","intersect",0
"210","ÁREA DE RELEVANTE INTERESSE ECOLÓGICO ILHAS QUEIMADA GRANDE E QUEIMADA PEQUENA","ESTAÇÃO ECOLÓGICA DOS TUPINIQUINS","intersect",0
"211","ÁREA DE RELEVANTE INTERESSE ECOLÓGICO LEOPOLDO MAGNO COUTINHO","REFÚGIO DE VIDA SILVESTRE AIMORÉS","intersect",0
"212","ÁREA DE RELEVANTE INTERESSE ECOLÓGICO ZONA DE VIDA SILVESTRE DA APA DA ILHA COMPRIDA","ÁREA DE PROTEÇÃO AMBIENTAL DE CANANÉIA-IGUAPÉ-PERUÍBE","intersect",2
"213","ÁREA DE RELEVANTE INTERESSE ECOLÓGICO ZONA DE VIDA SILVESTRE DA APA DA ILHA COMPRIDA","ÁREA DE PROTEÇÃO AMBIENTAL ILHA COMPRIDA","intersect",67
"214","ÁREA DE RELEVANTE INTERESSE ECOLÓGICO ZONA DE VIDA SILVESTRE DA APA DA ILHA COMPRIDA","ÁREA DE PROTEÇÃO AMBIENTAL MARINHA DO LITORAL SUL","intersect",0
"215","ESTAÇÃO ECOLÓGICA DE BAURU","ÁREA DE PROTEÇÃO AMBIENTAL RIO BATALHA","intersect",0
"216","ESTAÇÃO ECOLÓGICA DE ITAPETI","ÁREA DE PROTEÇÃO AMBIENTAL SERRA DO ITAPETI","intersect",2
"217","ESTAÇÃO ECOLÓGICA DE ITIRAPINA","ÁREA DE PROTEÇÃO AMBIENTAL CUESTA CORUMBATAÍ","intersect",1
"218","ESTAÇÃO ECOLÓGICA DE MOGI-GUAÇU","RESERVA BIOLÓGICA MOGI-GUAÇU","intersect",0
"219","ESTAÇÃO ECOLÓGICA DE XITUÉ","ÁREA DE PROTEÇÃO AMBIENTAL SERRA DO MAR","intersect",1
"220","ESTAÇÃO ECOLÓGICA DE XITUÉ","PARQUE ESTADUAL INTERVALES","intersect",0
"221","ESTAÇÃO ECOLÓGICA DO BARREIRO RICO","ÁREA DE PROTEÇÃO AMBIENTAL BARREIRO RICO","intersect",1
"222","ESTAÇÃO ECOLÓGICA DO NOROESTE PAULISTA","FLORESTA ESTADUAL DO NOROESTE PAULISTA","intersect",0
"223","ESTAÇÃO ECOLÓGICA DO TANQUE GRANDE","ÁREA DE PROTEÇÃO AMBIENTAL DO CABUÇU TANQUE GRANDE","intersect",2
"224","ESTAÇÃO ECOLÓGICA DO TANQUE GRANDE","PARQUE ESTADUAL DE ITABERABA","intersect",0
"225","ESTAÇÃO ECOLÓGICA DOS TUPINIQUINS","ÁREA DE PROTEÇÃO AMBIENTAL MARINHA DO LITORAL CENTRO","intersect",0
"226","ESTAÇÃO ECOLÓGICA DOS TUPINIQUINS","ÁREA DE PROTEÇÃO AMBIENTAL MARINHA DO LITORAL SUL","intersect",0
"227","ESTAÇÃO ECOLÓGICA DOS TUPINIQUINS","ÁREA DE RELEVANTE INTERESSE ECOLÓGICO ILHAS QUEIMADA GRANDE E QUEIMADA PEQUENA","intersect",11
"228","ESTAÇÃO ECOLÓGICA DOS TUPINIQUINS","PARQUE ESTADUAL DA ILHA DO CARDOSO","intersect",0
"229","ESTAÇÃO ECOLÓGICA DOS TUPINIQUINS","REFÚGIO DE VIDA SILVESTRE DAS ILHAS DO ABRIGO E GUARARITAMA","intersect",0
"230","ESTAÇÃO ECOLÓGICA JURÉIA-ITATINS","ÁREA DE PROTEÇÃO AMBIENTAL DE CANANÉIA-IGUAPÉ-PERUÍBE","intersect",32
"231","ESTAÇÃO ECOLÓGICA JURÉIA-ITATINS","ÁREA DE PROTEÇÃO AMBIENTAL MARINHA DO LITORAL SUL","intersect",0
"232","ESTAÇÃO ECOLÓGICA JURÉIA-ITATINS","PARQUE ESTADUAL DO ITINGUÇU","intersect",0
"233","ESTAÇÃO ECOLÓGICA JURÉIA-ITATINS","PARQUE ESTADUAL DO PRELADO","intersect",0
"234","ESTAÇÃO ECOLÓGICA JURÉIA-ITATINS","RESERVA DE DESENVOLVIMENTO SUSTENTÁVEL DA BARRA DO UNA","intersect",0
"235","ESTAÇÃO ECOLÓGICA JURÉIA-ITATINS","RESERVA DE DESENVOLVIMENTO SUSTENTÁVEL DO DESPRAIADO","intersect",0
"236","ESTAÇÃO ECOLÓGICA JURÉIA-ITATINS","RESERVA PARTICULAR DO PATRIMÔNIO NATURAL SERRA DO ITATINS","intersect",5
"237","ESTAÇÃO ECOLÓGICA MUNICIPAL DO CAETÊ","ÁREA DE PROTEÇÃO AMBIENTAL PIRACICABA JUQUERÍ-MIRIM AREA II","intersect",0
"238","ESTAÇÃO ECOLÓGICA MUNICIPAL DO CAETÊ","ÁREA DE PROTEÇÃO AMBIENTAL SISTEMA CANTAREIRA","intersect",0
"239","ESTAÇÃO ECOLÓGICA TUPINAMBÁS","ÁREA DE PROTEÇÃO AMBIENTAL MARINHA DO LITORAL NORTE","intersect",0
"240","ESTAÇÃO ECOLÓGICA TUPINAMBÁS","REFÚGIO DE VIDA SILVESTRE DO ARQUIPÉLAGO DE ALCATRAZES","intersect",0
"241","FLORESTA ESTADUAL DE GUARULHOS","ÁREA DE PROTEÇÃO AMBIENTAL BACIA DO PARAÍBA DO SUL","intersect",0
"242","FLORESTA ESTADUAL DE GUARULHOS","PARQUE ESTADUAL DE ITABERABA","intersect",0
"243","FLORESTA ESTADUAL DO NOROESTE PAULISTA","ESTAÇÃO ECOLÓGICA DO NOROESTE PAULISTA","intersect",0
"244","FLORESTA ESTADUAL EDMUNDO NAVARRO DE ANDRADE","ÁREA DE PROTEÇÃO AMBIENTAL PIRACICABA JUQUERI MIRIM ÁREA I","intersect",2
"245","MONUMENTO NATURAL ESTADUAL DA PEDRA DO BAÚ","ÁREA DE PROTEÇÃO AMBIENTAL CAMPOS DO JORDÃO","intersect",0
"246","MONUMENTO NATURAL ESTADUAL DA PEDRA DO BAÚ","ÁREA DE PROTEÇÃO AMBIENTAL SAPUCAÍ MIRIM","intersect",8
"247","MONUMENTO NATURAL ESTADUAL DA PEDRA DO BAÚ","RESERVA PARTICULAR DO PATRIMÔNIO NATURAL SÍTIO SÃO JOAQUIM I","covered_buffer",96
"248","MONUMENTO NATURAL ESTADUAL DA PEDRA GRANDE","ÁREA DE PROTEÇÃO AMBIENTAL PIRACICABA JUQUERÍ-MIRIM AREA II","intersect",0
"249","MONUMENTO NATURAL ESTADUAL DA PEDRA GRANDE","ÁREA DE PROTEÇÃO AMBIENTAL SISTEMA CANTAREIRA","intersect",1
"250","MONUMENTO NATURAL ESTADUAL DA PEDRA GRANDE","PARQUE ESTADUAL DE ITAPETINGA","intersect",0
"251","MONUMENTO NATURAL ESTADUAL DA PEDRA GRANDE","RESERVA PARTICULAR DO PATRIMÔNIO NATURAL ECOWORLD","intersect",52
"252","MONUMENTO NATURAL ESTADUAL DA PEDRA GRANDE","RESERVA PARTICULAR DO PATRIMÔNIO NATURAL RESERVA DO JACU","covered",100
"253","MONUMENTO NATURAL ESTADUAL DA PEDRA GRANDE","RESERVA PARTICULAR DO PATRIMÔNIO NATURAL SÍTIO SOLAR DA MONTANHA","covered_buffer",43
"254","MONUMENTO NATURAL ESTADUAL MANTIQUEIRA PAULISTA","ÁREA DE PROTEÇÃO AMBIENTAL BACIA DO PARAÍBA DO SUL","intersect",1
"255","MONUMENTO NATURAL ESTADUAL MANTIQUEIRA PAULISTA","MONUMENTO NATURAL MUNICIPAL DO PICO DO ITAGUARÉ","covered_buffer",99
"256","MONUMENTO NATURAL ESTADUAL MANTIQUEIRA PAULISTA","RESERVA PARTICULAR DO PATRIMÔNIO NATURAL GIGANTE DO ITAGUARÉ","covered_buffer",99
"257","MONUMENTO NATURAL MUNICIPAL DO PICO DO ITAGUARÉ","ÁREA DE PROTEÇÃO AMBIENTAL BACIA DO PARAÍBA DO SUL","intersect",0
"258","MONUMENTO NATURAL MUNICIPAL DO PICO DO ITAGUARÉ","MONUMENTO NATURAL ESTADUAL MANTIQUEIRA PAULISTA","intersect",32
"259","MONUMENTO NATURAL MUNICIPAL DO PICO DO ITAGUARÉ","RESERVA PARTICULAR DO PATRIMÔNIO NATURAL GIGANTE DO ITAGUARÉ","covered_buffer",97
"260","PARQUE ESTADUAL CARLOS BOTELHO","ÁREA DE PROTEÇÃO AMBIENTAL SERRA DO MAR","intersect",0
"261","PARQUE ESTADUAL CARLOS BOTELHO","PARQUE ESTADUAL INTERVALES","intersect",0
"262","PARQUE ESTADUAL CARLOS BOTELHO","PARQUE ESTADUAL NASCENTES DO PARANAPANEMA","intersect",0
"263","PARQUE ESTADUAL CAVERNA DO DIABO","ÁREA DE PROTEÇÃO AMBIENTAL QUILOMBOS DO MÉDIO RIBEIRA","intersect",0
"264","PARQUE ESTADUAL CAVERNA DO DIABO","ÁREA DE PROTEÇÃO AMBIENTAL SERRA DO MAR","intersect",0
"265","PARQUE ESTADUAL CAVERNA DO DIABO","PARQUE ESTADUAL DO RIO TURVO","intersect",0
"266","PARQUE ESTADUAL CAVERNA DO DIABO","RESERVA DE DESENVOLVIMENTO SUSTENTÁVEL LAVRAS","intersect",0
"267","PARQUE ESTADUAL DA CANTAREIRA","ÁREA DE PROTEÇÃO AMBIENTAL DO CABUÇU TANQUE GRANDE","intersect",0
"268","PARQUE ESTADUAL DA CANTAREIRA","ÁREA DE PROTEÇÃO AMBIENTAL SISTEMA CANTAREIRA","intersect",0
"269","PARQUE ESTADUAL DA CANTAREIRA","PARQUE ESTADUAL DE ITABERABA","intersect",0
"270","PARQUE ESTADUAL DA CANTAREIRA","PARQUE ESTADUAL DE ITAPETINGA","intersect",0
"271","PARQUE ESTADUAL DA CANTAREIRA","PARQUE NATURAL MUNICIPAL DA CULTURA NEGRA - SÍTIO DA CANDINHA","intersect",0
"272","PARQUE ESTADUAL DA ILHA ANCHIETA","ÁREA DE PROTEÇÃO AMBIENTAL MARINHA DO LITORAL NORTE","intersect",0
"273","PARQUE ESTADUAL DA ILHA DO CARDOSO","ÁREA DE PROTEÇÃO AMBIENTAL DE CANANÉIA-IGUAPÉ-PERUÍBE","intersect",1
"274","PARQUE ESTADUAL DA ILHA DO CARDOSO","ÁREA DE PROTEÇÃO AMBIENTAL MARINHA DO LITORAL SUL","intersect",0
"275","PARQUE ESTADUAL DA ILHA DO CARDOSO","ESTAÇÃO ECOLÓGICA DOS TUPINIQUINS","intersect",0
"276","PARQUE ESTADUAL DA SERRA DO MAR","ÁREA DE PROTEÇÃO AMBIENTAL BACIA DO PARAÍBA DO SUL","intersect",1
"277","PARQUE ESTADUAL DA SERRA DO MAR","ÁREA DE PROTEÇÃO AMBIENTAL BALEIA SAHY","intersect",0
"278","PARQUE ESTADUAL DA SERRA DO MAR","ÁREA DE PROTEÇÃO AMBIENTAL DE CANANÉIA-IGUAPÉ-PERUÍBE","intersect",0
"279","PARQUE ESTADUAL DA SERRA DO MAR","ÁREA DE PROTEÇÃO AMBIENTAL MARINHA DO LITORAL NORTE","intersect",0
"280","PARQUE ESTADUAL DA SERRA DO MAR","ÁREA DE PROTEÇÃO AMBIENTAL MUNICIPAL DO CAPIVARI-MONOS","intersect",27
"281","PARQUE ESTADUAL DA SERRA DO MAR","ÁREA DE PROTEÇÃO AMBIENTAL SERRA DO MAR","intersect",1
"282","PARQUE ESTADUAL DA SERRA DO MAR","ÁREA DE RELEVANTE INTERESSE ECOLÓGICO DE SÃO SEBASTIÃO","intersect",17
"283","PARQUE ESTADUAL DA SERRA DO MAR","PARQUE ESTADUAL RESTINGA DE BERTIOGA","intersect",4
"284","PARQUE ESTADUAL DA SERRA DO MAR","PARQUE NATURAL MUNICIPAL NASCENTES DE PARANAPIACABA","intersect",3
"285","PARQUE ESTADUAL DA SERRA DO MAR","RESERVA PARTICULAR DO PATRIMÔNIO NATURAL CARBOCLORO S/A","covered_buffer",0
"286","PARQUE ESTADUAL DA SERRA DO MAR","RESERVA PARTICULAR DO PATRIMÔNIO NATURAL RESERVA RIZZIERI","covered_buffer",58
"287","PARQUE ESTADUAL DA SERRA DO MAR","RESERVA PARTICULAR DO PATRIMÔNIO NATURAL TOQUE TOQUE PEQUENO","covered_buffer",0
"288","PARQUE ESTADUAL DE CAMPOS DO JORDÃO","ÁREA DE PROTEÇÃO AMBIENTAL BACIA DO PARAÍBA DO SUL","intersect",0
"289","PARQUE ESTADUAL DE CAMPOS DO JORDÃO","ÁREA DE PROTEÇÃO AMBIENTAL CAMPOS DO JORDÃO","intersect",28
"290","PARQUE ESTADUAL DE ILHABELA","ÁREA DE PROTEÇÃO AMBIENTAL MARINHA DO LITORAL NORTE","intersect",0
"291","PARQUE ESTADUAL DE ITABERABA","ÁREA DE PROTEÇÃO AMBIENTAL BACIA DO PARAÍBA DO SUL","intersect",4
"292","PARQUE ESTADUAL DE ITABERABA","ÁREA DE PROTEÇÃO AMBIENTAL DO CABUÇU TANQUE GRANDE","intersect",17
"293","PARQUE ESTADUAL DE ITABERABA","ÁREA DE PROTEÇÃO AMBIENTAL PIRACICABA JUQUERÍ-MIRIM AREA II","intersect",1
"294","PARQUE ESTADUAL DE ITABERABA","ÁREA DE PROTEÇÃO AMBIENTAL SISTEMA CANTAREIRA","intersect",1
"295","PARQUE ESTADUAL DE ITABERABA","ESTAÇÃO ECOLÓGICA DO TANQUE GRANDE","intersect",0
"296","PARQUE ESTADUAL DE ITABERABA","FLORESTA ESTADUAL DE GUARULHOS","intersect",0
"297","PARQUE ESTADUAL DE ITABERABA","PARQUE ESTADUAL DA CANTAREIRA","intersect",0
"298","PARQUE ESTADUAL DE ITABERABA","PARQUE NATURAL MUNICIPAL DA CULTURA NEGRA - SÍTIO DA CANDINHA","intersect",4
"299","PARQUE ESTADUAL DE ITABERABA","RESERVA PARTICULAR DO PATRIMÔNIO NATURAL  RIO DOS PILÕES","intersect",2
"300","PARQUE ESTADUAL DE ITAPETINGA","ÁREA DE PROTEÇÃO AMBIENTAL PIRACICABA JUQUERÍ-MIRIM AREA II","intersect",1
"301","PARQUE ESTADUAL DE ITAPETINGA","ÁREA DE PROTEÇÃO AMBIENTAL SISTEMA CANTAREIRA","intersect",3
"302","PARQUE ESTADUAL DE ITAPETINGA","MONUMENTO NATURAL ESTADUAL DA PEDRA GRANDE","intersect",0
"303","PARQUE ESTADUAL DE ITAPETINGA","PARQUE ESTADUAL DA CANTAREIRA","intersect",0
"304","PARQUE ESTADUAL DE ITAPETINGA","RESERVA PARTICULAR DO PATRIMÔNIO NATURAL ECOWORLD","intersect",48
"305","PARQUE ESTADUAL DE ITAPETINGA","RESERVA PARTICULAR DO PATRIMÔNIO NATURAL RESERVA DO DADINHO","covered_buffer",1
"306","PARQUE ESTADUAL DE VASSUNUNGA","ÁREA DE RELEVANTE INTERESSE ECOLÓGICO CERRADO PÉ-DE-GIGANTE","intersect",97
"307","PARQUE ESTADUAL DO ITINGUÇU","ÁREA DE PROTEÇÃO AMBIENTAL DE CANANÉIA-IGUAPÉ-PERUÍBE","intersect",1
"308","PARQUE ESTADUAL DO ITINGUÇU","ÁREA DE PROTEÇÃO AMBIENTAL MARINHA DO LITORAL CENTRO","intersect",0
"309","PARQUE ESTADUAL DO ITINGUÇU","ESTAÇÃO ECOLÓGICA JURÉIA-ITATINS","intersect",0
"310","PARQUE ESTADUAL DO ITINGUÇU","RESERVA DE DESENVOLVIMENTO SUSTENTÁVEL DA BARRA DO UNA","intersect",0
"311","PARQUE ESTADUAL DO JUQUERY","ÁREA DE PROTEÇÃO AMBIENTAL SISTEMA CANTAREIRA","intersect",0
"312","PARQUE ESTADUAL DO JURUPARÁ","ÁREA DE PROTEÇÃO AMBIENTAL SERRA DO MAR","intersect",0
"313","PARQUE ESTADUAL DO PRELADO","ÁREA DE PROTEÇÃO AMBIENTAL MARINHA DO LITORAL SUL","intersect",0
"314","PARQUE ESTADUAL DO PRELADO","ESTAÇÃO ECOLÓGICA JURÉIA-ITATINS","intersect",0
"315","PARQUE ESTADUAL DO RIO TURVO","ÁREA DE PROTEÇÃO AMBIENTAL CAJATI","intersect",0
"316","PARQUE ESTADUAL DO RIO TURVO","ÁREA DE PROTEÇÃO AMBIENTAL PLANALTO DO TURVO","intersect",0
"317","PARQUE ESTADUAL DO RIO TURVO","ÁREA DE PROTEÇÃO AMBIENTAL RIO PARDINHO E RIO VERMELHO","intersect",0
"318","PARQUE ESTADUAL DO RIO TURVO","PARQUE ESTADUAL CAVERNA DO DIABO","intersect",0
"319","PARQUE ESTADUAL DO RIO TURVO","PARQUE ESTADUAL LAGAMAR DE CANANEIA","intersect",0
"320","PARQUE ESTADUAL DO RIO TURVO","RESERVA DE DESENVOLVIMENTO SUSTENTÁVEL BARREIRO ANHEMAS","intersect",0
"321","PARQUE ESTADUAL DO RIO TURVO","RESERVA DE DESENVOLVIMENTO SUSTENTÁVEL DOS PINHEIRINHOS","intersect",0
"322","PARQUE ESTADUAL DO RIO TURVO","RESERVA DE DESENVOLVIMENTO SUSTENTÁVEL LAVRAS","intersect",0
"323","PARQUE ESTADUAL DO RIO TURVO","RESERVA DE DESENVOLVIMENTO SUSTENTÁVEL QUILOMBOS DE BARRA DO TURVO","intersect",0
"324","PARQUE ESTADUAL DOS MANANCIAIS DE CAMPOS DO JORDÃO","ÁREA DE PROTEÇÃO AMBIENTAL CAMPOS DO JORDÃO","intersect",2
"325","PARQUE ESTADUAL INTERVALES","ÁREA DE PROTEÇÃO AMBIENTAL QUILOMBOS DO MÉDIO RIBEIRA","intersect",0
"326","PARQUE ESTADUAL INTERVALES","ÁREA DE PROTEÇÃO AMBIENTAL SERRA DO MAR","intersect",9
"327","PARQUE ESTADUAL INTERVALES","ESTAÇÃO ECOLÓGICA DE XITUÉ","intersect",0
"328","PARQUE ESTADUAL INTERVALES","PARQUE ESTADUAL CARLOS BOTELHO","intersect",0
"329","PARQUE ESTADUAL INTERVALES","PARQUE ESTADUAL NASCENTES DO PARANAPANEMA","intersect",0
"330","PARQUE ESTADUAL INTERVALES","PARQUE ESTADUAL TURÍSTICO DO ALTO DO RIBEIRA","intersect",0
"331","PARQUE ESTADUAL LAGAMAR DE CANANEIA","ÁREA DE PROTEÇÃO AMBIENTAL DE CANANÉIA-IGUAPÉ-PERUÍBE","intersect",9
"332","PARQUE ESTADUAL LAGAMAR DE CANANEIA","PARQUE ESTADUAL DO RIO TURVO","intersect",0
"333","PARQUE ESTADUAL LAGAMAR DE CANANEIA","RESERVA DE DESENVOLVIMENTO SUSTENTÁVEL ITAPANHAPIMA","intersect",0
"334","PARQUE ESTADUAL LAGAMAR DE CANANEIA","RESERVA EXTRATIVISTA ILHA DO TUMBA","intersect",0
"335","PARQUE ESTADUAL LAGAMAR DE CANANEIA","RESERVA EXTRATIVISTA MANDIRA","intersect",1
"336","PARQUE ESTADUAL LAGAMAR DE CANANEIA","RESERVA EXTRATIVISTA TAQUARI","intersect",0
"337","PARQUE ESTADUAL MARINHO DA LAJE DE SANTOS","ÁREA DE PROTEÇÃO AMBIENTAL MARINHA DO LITORAL CENTRO","intersect",1
"338","PARQUE ESTADUAL NASCENTES DO PARANAPANEMA","ÁREA DE PROTEÇÃO AMBIENTAL SERRA DO MAR","intersect",5
"339","PARQUE ESTADUAL NASCENTES DO PARANAPANEMA","PARQUE ESTADUAL CARLOS BOTELHO","intersect",0
"340","PARQUE ESTADUAL NASCENTES DO PARANAPANEMA","PARQUE ESTADUAL INTERVALES","intersect",0
"341","PARQUE ESTADUAL RESTINGA DE BERTIOGA","ÁREA DE PROTEÇÃO AMBIENTAL MARINHA DO LITORAL CENTRO","intersect",0
"342","PARQUE ESTADUAL RESTINGA DE BERTIOGA","PARQUE ESTADUAL DA SERRA DO MAR","intersect",0
"343","PARQUE ESTADUAL TURÍSTICO DO ALTO DO RIBEIRA","ÁREA DE PROTEÇÃO AMBIENTAL QUILOMBOS DO MÉDIO RIBEIRA","intersect",0
"344","PARQUE ESTADUAL TURÍSTICO DO ALTO DO RIBEIRA","ÁREA DE PROTEÇÃO AMBIENTAL SERRA DO MAR","intersect",0
"345","PARQUE ESTADUAL TURÍSTICO DO ALTO DO RIBEIRA","PARQUE ESTADUAL INTERVALES","intersect",0
"346","PARQUE ESTADUAL XIXOVÁ-JAPUÍ","ÁREA DE PROTEÇÃO AMBIENTAL MARINHA DO LITORAL CENTRO","intersect",0
"347","PARQUE NATURAL MUNICIPAL AUGUSTO RUSCHI","ÁREA DE PROTEÇÃO AMBIENTAL BACIA DO PARAÍBA DO SUL","intersect",0
"348","PARQUE NATURAL MUNICIPAL BORORÉ","ÁREA DE PROTEÇÃO AMBIENTAL BORORÉ-COLÔNIA","intersect",2
"349","PARQUE NATURAL MUNICIPAL DA CRATERA DE COLÔNIA","ÁREA DE PROTEÇÃO AMBIENTAL MUNICIPAL DO CAPIVARI-MONOS","intersect",0
"350","PARQUE NATURAL MUNICIPAL DA CULTURA NEGRA - SÍTIO DA CANDINHA","ÁREA DE PROTEÇÃO AMBIENTAL DO CABUÇU TANQUE GRANDE","intersect",3
"351","PARQUE NATURAL MUNICIPAL DA CULTURA NEGRA - SÍTIO DA CANDINHA","PARQUE ESTADUAL DA CANTAREIRA","intersect",0
"352","PARQUE NATURAL MUNICIPAL DA CULTURA NEGRA - SÍTIO DA CANDINHA","PARQUE ESTADUAL DE ITABERABA","intersect",0
"353","PARQUE NATURAL MUNICIPAL DO BANHADO","ÁREA DE PROTEÇÃO AMBIENTAL DO BANHADO","intersect",5
"354","PARQUE NATURAL MUNICIPAL DO CERRADO","ÁREA DE PROTEÇÃO AMBIENTAL BACIA DO PARAÍBA DO SUL","intersect",0
"355","PARQUE NATURAL MUNICIPAL FAZENDA DO CARMO","ÁREA DE PROTEÇÃO AMBIENTAL PARQUE E FAZENDA DO CARMO","intersect",52
"356","PARQUE NATURAL MUNICIPAL ITAIM","ÁREA DE PROTEÇÃO AMBIENTAL BORORÉ-COLÔNIA","intersect",1
"357","PARQUE NATURAL MUNICIPAL NASCENTES DE PARANAPIACABA","PARQUE ESTADUAL DA SERRA DO MAR","intersect",0
"358","PARQUE NATURAL MUNICIPAL VARGINHA","ÁREA DE PROTEÇÃO AMBIENTAL BORORÉ-COLÔNIA","intersect",4
"359","REFÚGIO DE VIDA SILVESTRE AIMORÉS","ÁREA DE RELEVANTE INTERESSE ECOLÓGICO LEOPOLDO MAGNO COUTINHO","intersect",0
"360","REFÚGIO DE VIDA SILVESTRE DA MATA DA REPRESA","ÁREA DE PROTEÇÃO AMBIENTAL BACIA DO PARAÍBA DO SUL","intersect",0
"361","REFÚGIO DE VIDA SILVESTRE DA MATA DA REPRESA","ÁREA DE PROTEÇÃO AMBIENTAL DA SERRA DO PALMITAL","intersect",15
"362","REFÚGIO DE VIDA SILVESTRE DAS ILHAS DO ABRIGO E GUARARITAMA","ÁREA DE PROTEÇÃO AMBIENTAL MARINHA DO LITORAL CENTRO","intersect",0
"363","REFÚGIO DE VIDA SILVESTRE DAS ILHAS DO ABRIGO E GUARARITAMA","ESTAÇÃO ECOLÓGICA DOS TUPINIQUINS","intersect",0
"364","REFÚGIO DE VIDA SILVESTRE DO ARQUIPÉLAGO DE ALCATRAZES","ÁREA DE PROTEÇÃO AMBIENTAL MARINHA DO LITORAL NORTE","intersect",0
"365","REFÚGIO DE VIDA SILVESTRE DO ARQUIPÉLAGO DE ALCATRAZES","ESTAÇÃO ECOLÓGICA TUPINAMBÁS","intersect",0
"366","RESERVA BIOLÓGICA MOGI-GUAÇU","ESTAÇÃO ECOLÓGICA DE MOGI-GUAÇU","intersect",0
"367","RESERVA DE DESENVOLVIMENTO SUSTENTÁVEL BARREIRO ANHEMAS","PARQUE ESTADUAL DO RIO TURVO","intersect",0
"368","RESERVA DE DESENVOLVIMENTO SUSTENTÁVEL BARREIRO ANHEMAS","RESERVA DE DESENVOLVIMENTO SUSTENTÁVEL QUILOMBOS DE BARRA DO TURVO","intersect",0
"369","RESERVA DE DESENVOLVIMENTO SUSTENTÁVEL DA BARRA DO UNA","ÁREA DE PROTEÇÃO AMBIENTAL DE CANANÉIA-IGUAPÉ-PERUÍBE","intersect",0
"370","RESERVA DE DESENVOLVIMENTO SUSTENTÁVEL DA BARRA DO UNA","ÁREA DE PROTEÇÃO AMBIENTAL MARINHA DO LITORAL CENTRO","intersect",0
"371","RESERVA DE DESENVOLVIMENTO SUSTENTÁVEL DA BARRA DO UNA","ESTAÇÃO ECOLÓGICA JURÉIA-ITATINS","intersect",0
"372","RESERVA DE DESENVOLVIMENTO SUSTENTÁVEL DA BARRA DO UNA","PARQUE ESTADUAL DO ITINGUÇU","intersect",0
"373","RESERVA DE DESENVOLVIMENTO SUSTENTÁVEL DA BARRA DO UNA","RESERVA DE DESENVOLVIMENTO SUSTENTÁVEL DA BARRA DO UNA","covered",100
"374","RESERVA DE DESENVOLVIMENTO SUSTENTÁVEL DO DESPRAIADO","ÁREA DE PROTEÇÃO AMBIENTAL DE CANANÉIA-IGUAPÉ-PERUÍBE","intersect",2
"375","RESERVA DE DESENVOLVIMENTO SUSTENTÁVEL DO DESPRAIADO","ESTAÇÃO ECOLÓGICA JURÉIA-ITATINS","intersect",0
"376","RESERVA DE DESENVOLVIMENTO SUSTENTÁVEL DOS PINHEIRINHOS","PARQUE ESTADUAL DO RIO TURVO","intersect",0
"377","RESERVA DE DESENVOLVIMENTO SUSTENTÁVEL ITAPANHAPIMA","ÁREA DE PROTEÇÃO AMBIENTAL DE CANANÉIA-IGUAPÉ-PERUÍBE","intersect",1
"378","RESERVA DE DESENVOLVIMENTO SUSTENTÁVEL ITAPANHAPIMA","PARQUE ESTADUAL LAGAMAR DE CANANEIA","intersect",0
"379","RESERVA DE DESENVOLVIMENTO SUSTENTÁVEL ITAPANHAPIMA","RESERVA EXTRATIVISTA TAQUARI","intersect",0
"380","RESERVA DE DESENVOLVIMENTO SUSTENTÁVEL LAVRAS","PARQUE ESTADUAL CAVERNA DO DIABO","intersect",0
"381","RESERVA DE DESENVOLVIMENTO SUSTENTÁVEL LAVRAS","PARQUE ESTADUAL DO RIO TURVO","intersect",0
"382","RESERVA DE DESENVOLVIMENTO SUSTENTÁVEL QUILOMBOS DE BARRA DO TURVO","ÁREA DE PROTEÇÃO AMBIENTAL RIO PARDINHO E RIO VERMELHO","intersect",0
"383","RESERVA DE DESENVOLVIMENTO SUSTENTÁVEL QUILOMBOS DE BARRA DO TURVO","PARQUE ESTADUAL DO RIO TURVO","intersect",0
"384","RESERVA DE DESENVOLVIMENTO SUSTENTÁVEL QUILOMBOS DE BARRA DO TURVO","RESERVA DE DESENVOLVIMENTO SUSTENTÁVEL BARREIRO ANHEMAS","intersect",0
"385","RESERVA EXTRATIVISTA ILHA DO TUMBA","ÁREA DE PROTEÇÃO AMBIENTAL DE CANANÉIA-IGUAPÉ-PERUÍBE","intersect",0
"386","RESERVA EXTRATIVISTA ILHA DO TUMBA","PARQUE ESTADUAL LAGAMAR DE CANANEIA","intersect",0
"387","RESERVA EXTRATIVISTA MANDIRA","ÁREA DE PROTEÇÃO AMBIENTAL DE CANANÉIA-IGUAPÉ-PERUÍBE","intersect",1
"388","RESERVA EXTRATIVISTA MANDIRA","PARQUE ESTADUAL LAGAMAR DE CANANEIA","intersect",0
"389","RESERVA EXTRATIVISTA MANDIRA","RESERVA EXTRATIVISTA TAQUARI","intersect",0
"390","RESERVA EXTRATIVISTA TAQUARI","ÁREA DE PROTEÇÃO AMBIENTAL DE CANANÉIA-IGUAPÉ-PERUÍBE","intersect",1
"391","RESERVA EXTRATIVISTA TAQUARI","PARQUE ESTADUAL LAGAMAR DE CANANEIA","intersect",0
"392","RESERVA EXTRATIVISTA TAQUARI","RESERVA DE DESENVOLVIMENTO SUSTENTÁVEL ITAPANHAPIMA","intersect",0
"393","RESERVA EXTRATIVISTA TAQUARI","RESERVA EXTRATIVISTA MANDIRA","intersect",0
"394","RESERVA PARTICULAR DO PATRIMÔNIO NATURAL  RIO DOS PILÕES","ÁREA DE PROTEÇÃO AMBIENTAL BACIA DO PARAÍBA DO SUL","intersect",0
"395","RESERVA PARTICULAR DO PATRIMÔNIO NATURAL  RIO DOS PILÕES","PARQUE ESTADUAL DE ITABERABA","intersect",0
"396","RESERVA PARTICULAR DO PATRIMÔNIO NATURAL BOTUJURU-SERRA DO ITAPETY","ÁREA DE PROTEÇÃO AMBIENTAL SERRA DO ITAPETI","intersect",9
"397","RESERVA PARTICULAR DO PATRIMÔNIO NATURAL COPAÍBA","ÁREA DE PROTEÇÃO AMBIENTAL PIRACICABA JUQUERÍ-MIRIM AREA II","intersect",0
"398","RESERVA PARTICULAR DO PATRIMÔNIO NATURAL DUAS CACHOEIRAS","ÁREA DE PROTEÇÃO AMBIENTAL PIRACICABA JUQUERÍ-MIRIM AREA II","intersect",0
"399","RESERVA PARTICULAR DO PATRIMÔNIO NATURAL ECOWORLD","ÁREA DE PROTEÇÃO AMBIENTAL SISTEMA CANTAREIRA","intersect",0
"400","RESERVA PARTICULAR DO PATRIMÔNIO NATURAL ECOWORLD","MONUMENTO NATURAL ESTADUAL DA PEDRA GRANDE","intersect",1
"401","RESERVA PARTICULAR DO PATRIMÔNIO NATURAL ECOWORLD","PARQUE ESTADUAL DE ITAPETINGA","intersect",0
"402","RESERVA PARTICULAR DO PATRIMÔNIO NATURAL ESTÂNCIA JATOBÁ","ÁREA DE PROTEÇÃO AMBIENTAL PIRACICABA JUQUERÍ-MIRIM AREA II","intersect",0
"403","RESERVA PARTICULAR DO PATRIMÔNIO NATURAL FAZENDA MATA NATIVA","ÁREA DE PROTEÇÃO AMBIENTAL DE CANANÉIA-IGUAPÉ-PERUÍBE","intersect",0
"404","RESERVA PARTICULAR DO PATRIMÔNIO NATURAL FAZENDA RENOPOLIS","ÁREA DE PROTEÇÃO AMBIENTAL SAPUCAÍ MIRIM","intersect",0
"405","RESERVA PARTICULAR DO PATRIMÔNIO NATURAL FAZENDA SERRINHA","ÁREA DE PROTEÇÃO AMBIENTAL PIRACICABA JUQUERÍ-MIRIM AREA II","intersect",0
"406","RESERVA PARTICULAR DO PATRIMÔNIO NATURAL FAZENDA SERRINHA","ÁREA DE PROTEÇÃO AMBIENTAL SISTEMA CANTAREIRA","intersect",0
"407","RESERVA PARTICULAR DO PATRIMÔNIO NATURAL FRUTA DO LOBO","ÁREA DE PROTEÇÃO AMBIENTAL BACIA DO PARAÍBA DO SUL","intersect",0
"408","RESERVA PARTICULAR DO PATRIMÔNIO NATURAL GIGANTE DO ITAGUARÉ","MONUMENTO NATURAL ESTADUAL MANTIQUEIRA PAULISTA","intersect",3
"409","RESERVA PARTICULAR DO PATRIMÔNIO NATURAL GIGANTE DO ITAGUARÉ","MONUMENTO NATURAL MUNICIPAL DO PICO DO ITAGUARÉ","intersect",10
"410","RESERVA PARTICULAR DO PATRIMÔNIO NATURAL JACARANDÁS","ÁREA DE PROTEÇÃO AMBIENTAL PIRACICABA JUQUERÍ-MIRIM AREA II","intersect",0
"411","RESERVA PARTICULAR DO PATRIMÔNIO NATURAL JACARANDÁS","ÁREA DE PROTEÇÃO AMBIENTAL SISTEMA CANTAREIRA","intersect",0
"412","RESERVA PARTICULAR DO PATRIMÔNIO NATURAL LAFIGUEIRA - NATURARTE","ÁREA DE PROTEÇÃO AMBIENTAL PIRACICABA JUQUERÍ-MIRIM AREA II","intersect",0
"413","RESERVA PARTICULAR DO PATRIMÔNIO NATURAL LAFIGUEIRA - NATURARTE","ÁREA DE PROTEÇÃO AMBIENTAL SISTEMA CANTAREIRA","intersect",0
"414","RESERVA PARTICULAR DO PATRIMÔNIO NATURAL MARINA DO CONDE","ÁREA DE PROTEÇÃO AMBIENTAL MARINHA DO LITORAL CENTRO","intersect",0
"415","RESERVA PARTICULAR DO PATRIMÔNIO NATURAL MARINA DO CONDE","ÁREA DE PROTEÇÃO AMBIENTAL MUNICIPAL DA SERRA DO GUARARU","intersect",0
"416","RESERVA PARTICULAR DO PATRIMÔNIO NATURAL MORRO DO CURUSSU MIRIM","ÁREA DE PROTEÇÃO AMBIENTAL MARINHA DO LITORAL NORTE","intersect",0
"417","RESERVA PARTICULAR DO PATRIMÔNIO NATURAL PARAÍSO","ÁREA DE PROTEÇÃO AMBIENTAL SISTEMA CANTAREIRA","intersect",0
"418","RESERVA PARTICULAR DO PATRIMÔNIO NATURAL PARQUE DAS NASCENTES","ÁREA DE PROTEÇÃO AMBIENTAL SISTEMA CANTAREIRA","intersect",0
"419","RESERVA PARTICULAR DO PATRIMÔNIO NATURAL PARQUE DO ZIZO","ÁREA DE PROTEÇÃO AMBIENTAL SERRA DO MAR","intersect",0
"420","RESERVA PARTICULAR DO PATRIMÔNIO NATURAL PARQUE DOS PÁSSAROS","ÁREA DE PROTEÇÃO AMBIENTAL SISTEMA CANTAREIRA","intersect",0
"421","RESERVA PARTICULAR DO PATRIMÔNIO NATURAL PEDRA DA MINA","ÁREA DE PROTEÇÃO AMBIENTAL BACIA DO PARAÍBA DO SUL","intersect",0
"422","RESERVA PARTICULAR DO PATRIMÔNIO NATURAL PEDRA DA MINA","RESERVA PARTICULAR DO PATRIMÔNIO NATURAL SERRINHA","intersect",0
"423","RESERVA PARTICULAR DO PATRIMÔNIO NATURAL RESERVA DO DADINHO","ÁREA DE PROTEÇÃO AMBIENTAL SISTEMA CANTAREIRA","intersect",0
"424","RESERVA PARTICULAR DO PATRIMÔNIO NATURAL RESERVA DO DADINHO","PARQUE ESTADUAL DE ITAPETINGA","intersect",0
"425","RESERVA PARTICULAR DO PATRIMÔNIO NATURAL RESERVA DO JACU","ÁREA DE PROTEÇÃO AMBIENTAL SISTEMA CANTAREIRA","intersect",0
"426","RESERVA PARTICULAR DO PATRIMÔNIO NATURAL RESERVA DO JACU","MONUMENTO NATURAL ESTADUAL DA PEDRA GRANDE","intersect",0
"427","RESERVA PARTICULAR DO PATRIMÔNIO NATURAL RESERVA DO PINHAL - GLEBA 2","ÁREA DE PROTEÇÃO AMBIENTAL SISTEMA CANTAREIRA","intersect",0
"428","RESERVA PARTICULAR DO PATRIMÔNIO NATURAL RESERVA DO PINHAL - GLEBA 3","ÁREA DE PROTEÇÃO AMBIENTAL PIRACICABA JUQUERÍ-MIRIM AREA II","intersect",0
"429","RESERVA PARTICULAR DO PATRIMÔNIO NATURAL RESERVA DO PINHAL - GLEBA 3","ÁREA DE PROTEÇÃO AMBIENTAL SISTEMA CANTAREIRA","intersect",0
"430","RESERVA PARTICULAR DO PATRIMÔNIO NATURAL RESERVA DOS MURIQUIS","ÁREA DE PROTEÇÃO AMBIENTAL BACIA DO PARAÍBA DO SUL","intersect",0
"431","RESERVA PARTICULAR DO PATRIMÔNIO NATURAL RESERVA DOS MURIQUIS","ÁREA DE PROTEÇÃO AMBIENTAL SÃO FRANCISCO XAVIER","intersect",0
"432","RESERVA PARTICULAR DO PATRIMÔNIO NATURAL RESERVA MURIQUI","ÁREA DE PROTEÇÃO AMBIENTAL SERRA DO MAR","intersect",0
"433","RESERVA PARTICULAR DO PATRIMÔNIO NATURAL RESERVA RIZZIERI","PARQUE ESTADUAL DA SERRA DO MAR","intersect",0
"434","RESERVA PARTICULAR DO PATRIMÔNIO NATURAL SANTA RITA DE CASSIA","ÁREA DE PROTEÇÃO AMBIENTAL BACIA DO PARAÍBA DO SUL","intersect",0
"435","RESERVA PARTICULAR DO PATRIMÔNIO NATURAL SANTA RITA DE CASSIA","RESERVA PARTICULAR DO PATRIMÔNIO NATURAL SERRINHA","intersect",3
"436","RESERVA PARTICULAR DO PATRIMÔNIO NATURAL SÃO JUDAS TADEU","ÁREA DE PROTEÇÃO AMBIENTAL SERRA DO MAR","intersect",0
"437","RESERVA PARTICULAR DO PATRIMÔNIO NATURAL SERRA DO ITATINS","ÁREA DE PROTEÇÃO AMBIENTAL DE CANANÉIA-IGUAPÉ-PERUÍBE","intersect",0
"438","RESERVA PARTICULAR DO PATRIMÔNIO NATURAL SERRA DO ITATINS","ESTAÇÃO ECOLÓGICA JURÉIA-ITATINS","intersect",0
"439","RESERVA PARTICULAR DO PATRIMÔNIO NATURAL SERRINHA","ÁREA DE PROTEÇÃO AMBIENTAL BACIA DO PARAÍBA DO SUL","intersect",0
"440","RESERVA PARTICULAR DO PATRIMÔNIO NATURAL SERRINHA","RESERVA PARTICULAR DO PATRIMÔNIO NATURAL PEDRA DA MINA","intersect",0
"441","RESERVA PARTICULAR DO PATRIMÔNIO NATURAL SERRINHA","RESERVA PARTICULAR DO PATRIMÔNIO NATURAL SANTA RITA DE CASSIA","intersect",4
"442","RESERVA PARTICULAR DO PATRIMÔNIO NATURAL SÍTIO CAETE","ÁREA DE PROTEÇÃO AMBIENTAL PIRACICABA JUQUERÍ-MIRIM AREA II","intersect",0
"443","RESERVA PARTICULAR DO PATRIMÔNIO NATURAL SÍTIO CAETE","ÁREA DE PROTEÇÃO AMBIENTAL SISTEMA CANTAREIRA","intersect",0
"444","RESERVA PARTICULAR DO PATRIMÔNIO NATURAL SÍTIO CAPUAVINHA","ÁREA DE PROTEÇÃO AMBIENTAL SISTEMA CANTAREIRA","intersect",0
"445","RESERVA PARTICULAR DO PATRIMÔNIO NATURAL SÍTIO CURUCUTU","ÁREA DE PROTEÇÃO AMBIENTAL MUNICIPAL DO CAPIVARI-MONOS","intersect",0
"446","RESERVA PARTICULAR DO PATRIMÔNIO NATURAL SÍTIO DO CANTONEIRO","ÁREA DE PROTEÇÃO AMBIENTAL BACIA DO PARAÍBA DO SUL","intersect",0
"447","RESERVA PARTICULAR DO PATRIMÔNIO NATURAL SÍTIO SÃO JOAQUIM I","ÁREA DE PROTEÇÃO AMBIENTAL SAPUCAÍ MIRIM","intersect",0
"448","RESERVA PARTICULAR DO PATRIMÔNIO NATURAL SÍTIO SÃO JOAQUIM I","MONUMENTO NATURAL ESTADUAL DA PEDRA DO BAÚ","intersect",0
"449","RESERVA PARTICULAR DO PATRIMÔNIO NATURAL SÍTIO SOLAR DA MONTANHA","ÁREA DE PROTEÇÃO AMBIENTAL SISTEMA CANTAREIRA","intersect",0
"450","RESERVA PARTICULAR DO PATRIMÔNIO NATURAL SÍTIO SOLAR DA MONTANHA","MONUMENTO NATURAL ESTADUAL DA PEDRA GRANDE","intersect",0
"451","RESERVA PARTICULAR DO PATRIMÔNIO NATURAL TRANSBAÚ I","ÁREA DE PROTEÇÃO AMBIENTAL SAPUCAÍ MIRIM","intersect",0
"452","RESERVA PARTICULAR DO PATRIMÔNIO NATURAL TRANSBAÚ I","RESERVA PARTICULAR DO PATRIMÔNIO NATURAL VIDA EM ABUNDÂNCIA","intersect",0
"453","RESERVA PARTICULAR DO PATRIMÔNIO NATURAL VIDA EM ABUNDÂNCIA","ÁREA DE PROTEÇÃO AMBIENTAL SAPUCAÍ MIRIM","intersect",0
"454","RESERVA PARTICULAR DO PATRIMÔNIO NATURAL VIDA EM ABUNDÂNCIA","RESERVA PARTICULAR DO PATRIMÔNIO NATURAL TRANSBAÚ I","intersect",0
"455","RESERVA PARTICULAR DO PATRIMÔNIO NATURAL VOTURUNA","RESERVA PARTICULAR DO PATRIMÔNIO NATURAL VOTURUNA II","intersect",8
"456","RESERVA PARTICULAR DO PATRIMÔNIO NATURAL VOTURUNA","RESERVA PARTICULAR DO PATRIMÔNIO NATURAL VOTURUNA V","intersect",7
"457","RESERVA PARTICULAR DO PATRIMÔNIO NATURAL VOTURUNA II","RESERVA PARTICULAR DO PATRIMÔNIO NATURAL VOTURUNA","intersect",8
"458","RESERVA PARTICULAR DO PATRIMÔNIO NATURAL VOTURUNA V","RESERVA PARTICULAR DO PATRIMÔNIO NATURAL VOTURUNA","intersect",7
