Nome da Unidade de Conservação conforme o Ato legal,Grupo (SNUC),Gerência Regional do ICMBio,Código CNUC (MMA),Atos legais (Criação ou redefinição),UF de Abrangência,Bioma* (IBGE 1:250mil),Bioma para fins de Compensação de Reserva Legal,Área (em hectares)**
ÁREA DE PROTEÇÃO AMBIENTAL ANHATOMIRIM,Uso Sustentável,GR5,0000.00.0001,DEC 528 de 20/05/1992,SC,MATA ATLÂNTICA,MATA ATLÂNTICA e SISTEMA COSTEIRO-MARINHO,4436.59022669
ÁREA DE PROTEÇÃO AMBIENTAL BACIA DO PARAÍBA DO SUL,Uso Sustentável,GR4,0000.00.1521,DEC 87.561 de 13/09/1982,MG/RJ/SP,MATA ATLÂNTICA,MATA ATLÂNTICA,292599.924224
ÁREA DE PROTEÇÃO AMBIENTAL CARSTE DE LAGOA SANTA,Uso Sustentável,GR4,0000.00.0020,DEC 98.881 de 25/01/1990; DEC 1.876 de 25/04/1996,MG,CERRADO,CERRADO,37735.5772362
ÁREA DE PROTEÇÃO AMBIENTAL CAVERNAS DO PERUAÇU,Uso Sustentável,GR4,0000.00.0002,DEC 98.182 de 26/09/1989,MG,CERRADO,CAATINGA e CERRADO,143355.585707
ÁREA DE PROTEÇÃO AMBIENTAL COSTA DAS ALGAS,Uso Sustentável,GR4,0000.00.1912,DEC S/N de 17/06/2010,ES,SISTEMA COSTEIRO-MARINHO,SISTEMA COSTEIRO-MARINHO,115001.922234
ÁREA DE PROTEÇÃO AMBIENTAL DA ARARINHA AZUL,Uso Sustentável,GR2,0000.00.3696,DEC 9.402 de 05/06/2018,BA,CAATINGA,CAATINGA,90641.9177311
ÁREA DE PROTEÇÃO AMBIENTAL DA BACIA DO RIO DESCOBERTO,Uso Sustentável,GR3,0000.00.0003,DEC 88.940 de 07/11/1983,GO/DF,CERRADO,CERRADO,41783.6139427
ÁREA DE PROTEÇÃO AMBIENTAL DA BACIA DO RIO SÃO BARTOLOMEU,Uso Sustentável,GR3,0000.00.0004,DEC 88.940 de 07/11/1983,DF,CERRADO,CERRADO,82680.8036275
ÁREA DE PROTEÇÃO AMBIENTAL DA BACIA DO RIO SÃO JOÃO/MICO-LEÃO-DOURADO,Uso Sustentável,GR4,0000.00.0005,DEC S/N de 27/06/2002,RJ,MATA ATLÂNTICA,MATA ATLÂNTICA,150374.606758
ÁREA DE PROTEÇÃO AMBIENTAL DA BALEIA FRANCA,Uso Sustentável,GR5,0000.00.0006,DEC S/N de 14/09/2000,SC,MATA ATLÂNTICA,MATA ATLÂNTICA e SISTEMA COSTEIRO-MARINHO,154867.403496
ÁREA DE PROTEÇÃO AMBIENTAL DA BARRA DO RIO MAMANGUAPE,Uso Sustentável,GR2,0000.00.0007,DEC  924 de 10/09/1993; DEC S;N 7/04/1998,PB,MATA ATLÂNTICA,SISTEMA COSTEIRO-MARINHO e MATA ATLÂNTICA,14917.7912047
ÁREA DE PROTEÇÃO AMBIENTAL DA CHAPADA DO ARARIPE,Uso Sustentável,GR2,0000.00.0008,DEC S/N de 04/08/1997,PI/CE/PE,CAATINGA,CAATINGA,1017366.23833
ÁREA DE PROTEÇÃO AMBIENTAL DA COSTA DOS CORAIS,Uso Sustentável,GR2,0000.00.0009,"DEC S/N de 23/10/1997, DEC 12.490 de 05/06/2025",PE/AL,SISTEMA COSTEIRO-MARINHO,SISTEMA COSTEIRO-MARINHO,495084.04479
ÁREA DE PROTEÇÃO AMBIENTAL DA FOZ DO RIO DOCE,Uso Sustentável,GR4,0000.00.5126,"DEC 12.483, de 03/06/2025",ES,MATA ATLÂNTICA,SISTEMA COSTEIRO-MARINHO e MATA ATLÂNTICA,45417.3791322
ÁREA DE PROTEÇÃO AMBIENTAL DA REGIÃO SERRANA DE PETRÓPOLIS,Uso Sustentável,GR4,0000.00.0010,DEC 87.561 de 13/09/1982; DEC  527 de 20/05/1992; LEI 14.452 de 21/09/2022; LEI 14.516 de 29/12/2022,RJ,MATA ATLÂNTICA,MATA ATLÂNTICA,58691.3157367
ÁREA DE PROTEÇÃO AMBIENTAL DA SERRA DA MANTIQUEIRA,Uso Sustentável,GR4,0000.00.0011,DEC 91.304 de 03/06/1985; LEI 9.097 de 19/09/1995,MG/RJ/SP,MATA ATLÂNTICA,MATA ATLÂNTICA,437525.100693
ÁREA DE PROTEÇÃO AMBIENTAL DAS ILHAS E VÁRZEAS DO RIO PARANÁ,Uso Sustentável,GR5,0000.00.0025,DEC S/N de 30/09/1997,SP/PR/MS,MATA ATLÂNTICA,MATA ATLÂNTICA,1005188.38514
ÁREA DE PROTEÇÃO AMBIENTAL DAS NASCENTES DO RIO VERMELHO,Uso Sustentável,GR3,0000.00.0028,DEC S/N de 27/09/2001,BA/GO,CERRADO,CERRADO,173968.869204
ÁREA DE PROTEÇÃO AMBIENTAL DE CAIRUÇU,Uso Sustentável,GR4,0000.00.0013,DEC 89.242 de 27/12/1983,RJ/SP,MATA ATLÂNTICA,MATA ATLÂNTICA e SISTEMA COSTEIRO-MARINHO,32610.7779069
ÁREA DE PROTEÇÃO AMBIENTAL DE CANANÉIA-IGUAPE-PERUÍBE,Uso Sustentável,GR4,0000.00.0014,DEC 90.347 de 23/10/1984; DEC  91.892 de 6/11/1985,SP,MATA ATLÂNTICA,MATA ATLÂNTICA e SISTEMA COSTEIRO-MARINHO,202309.580662
ÁREA DE PROTEÇÃO AMBIENTAL DE FERNANDO DE NORONHA - ROCAS - SÃO PEDRO E SÃO PAULO,Uso Sustentável,GR2,0000.00.0015,DEC 92.755 de 05/06/1986,PE,SISTEMA COSTEIRO-MARINHO,SISTEMA COSTEIRO-MARINHO,154405.815629
ÁREA DE PROTEÇÃO AMBIENTAL DE GUAPI-MIRIM,Uso Sustentável,GR4,0000.00.0016,DEC 90.225 de 25/09/1984,RJ,MATA ATLÂNTICA,MATA ATLÂNTICA,13890.5382227
ÁREA DE PROTEÇÃO AMBIENTAL DE GUARAQUEÇABA,Uso Sustentável,GR5,0000.00.0017,DEC 90.883 de 31/01/1985,SP/PR,MATA ATLÂNTICA,MATA ATLÂNTICA,245642.072791
ÁREA DE PROTEÇÃO AMBIENTAL DE PIAÇABUÇU,Uso Sustentável,GR2,0000.00.0018,DEC 88.421 de 21/06/1983,AL,MATA ATLÂNTICA,MATA ATLÂNTICA,9107.00970852
ÁREA DE PROTEÇÃO AMBIENTAL DELTA DO PARNAÍBA,Uso Sustentável,GR2,0000.00.0019,DEC S/N de 28/08/1996,MA/PI/CE,CERRADO,"CERRADO, CAATINGA e SISTEMA COSTEIRO-MARINHO",309593.770698
ÁREA DE PROTEÇÃO AMBIENTAL DO ARQUIPÉLAGO DE SÃO PEDRO E SÃO PAULO,Uso Sustentável,GR2,0000.00.3643,DEC 9.313 de 19/03/2018,PB,SISTEMA COSTEIRO-MARINHO,SISTEMA COSTEIRO-MARINHO,38450193.8156
ÁREA DE PROTEÇÃO AMBIENTAL DO ARQUIPÉLAGO DE TRINDADE E MARTIM VAZ,Uso Sustentável,GR2,0000.00.3633,DEC 9.312 de 19/03/2018,BA,SISTEMA COSTEIRO-MARINHO,SISTEMA COSTEIRO-MARINHO,40385419.5828
ÁREA DE PROTEÇÃO AMBIENTAL DO BOQUEIRÃO DA ONÇA,Uso Sustentável,GR2,0000.00.3655,DEC 9.337 de 05/04/2018,BA,CAATINGA,CAATINGA,505694.325504
ÁREA DE PROTEÇÃO AMBIENTAL DO IBIRAPUITÃ,Uso Sustentável,GR5,0000.00.0021,DEC 529 de 20/05/1992,RS,PAMPA,PAMPA,316792.015354
ÁREA DE PROTEÇÃO AMBIENTAL DO IGARAPÉ GELADO,Uso Sustentável,GR1,0000.00.0022,DEC 97.718 de 05/05/1989,PA,AMAZÔNIA,AMAZÔNIA,23140.456312
ÁREA DE PROTEÇÃO AMBIENTAL DO PLANALTO CENTRAL,Uso Sustentável,GR3,0000.00.0023,DEC S/N de 10/01/2002,GO/DF,CERRADO,CERRADO,503423.357675
ÁREA DE PROTEÇÃO AMBIENTAL DO TAPAJÓS,Uso Sustentável,GR1,0000.00.0268,DEC S/N de 13/02/2006; LEI 12.678 de 25/06/2012,PA,AMAZÔNIA,AMAZÔNIA,2040350.01969
ÁREA DE PROTEÇÃO AMBIENTAL DOS CAMPOS DE MANICORÉ,Uso Sustentável,GR1,0000.00.3407,DEC S/N de 11/05/2016,AM,AMAZÔNIA,AMAZÔNIA,152410.203191
ÁREA DE PROTEÇÃO AMBIENTAL DOS MEANDROS DO RIO ARAGUAIA,Uso Sustentável,GR3,0000.00.0024,DEC S/N de 02/10/1998,MT/GO,CERRADO,CERRADO,359194.092159
ÁREA DE PROTEÇÃO AMBIENTAL MORRO DA PEDREIRA,Uso Sustentável,GR4,0000.00.0027,DEC  98.891 de 26/01/1990,MG,CERRADO,CERRADO e MATA ATLÂNTICA,131770.839245
ÁREA DE PROTEÇÃO AMBIENTAL SERRA DA IBIAPABA,Uso Sustentável,GR2,0000.00.0029,DEC S/N de 26/11/1996,PI/CE,CAATINGA,CAATINGA e CERRADO,1628740.51628
ÁREA DE PROTEÇÃO AMBIENTAL SERRA DA MERUOCA,Uso Sustentável,GR2,0000.00.1683,LEI 11.891 de 24/12/2008,CE,CAATINGA,CAATINGA,29361.742426
ÁREA DE PROTEÇÃO AMBIENTAL SERRA DA TABATINGA,Uso Sustentável,GR2,0000.00.0012,DEC  99.278 de 06/06/1990; DEC S/N de 16/07/2002,MA/PI,CERRADO,CERRADO,41779.6077446
ÁREA DE RELEVANTE INTERESSE ECOLÓGICO BURITI DE VASSUNUNGA,Uso Sustentável,GR4,0000.00.0030,DEC  99.276/1990,SP,MATA ATLÂNTICA,MATA ATLÂNTICA,150.97546923
ÁREA DE RELEVANTE INTERESSE ECOLÓGICO CAPETINGA - TAQUARA,Uso Sustentável,GR3,0000.00.0031,DEC  91.303 de 03/06/1985,DF,CERRADO,CERRADO,2057.2260341
ÁREA DE RELEVANTE INTERESSE ECOLÓGICO CERRADO PÉ-DE-GIGANTE,Uso Sustentável,GR4,0000.00.0032,DEC  99.275 de 06/06/1990,SP,CERRADO,CERRADO,1199.05347455
ÁREA DE RELEVANTE INTERESSE ECOLÓGICO DA MATA DE SANTA GENEBRA,Uso Sustentável,GR4,0000.00.0040,DEC  91.885 de 05/11/1985,SP,MATA ATLÂNTICA,MATA ATLÂNTICA,241.553628471
ÁREA DE RELEVANTE INTERESSE ECOLÓGICO FLORESTA DA CICUTA,Uso Sustentável,GR4,0000.00.0035,DEC  90.792 de 09/01/1985,RJ,MATA ATLÂNTICA,MATA ATLÂNTICA,125.141046137
ÁREA DE RELEVANTE INTERESSE ECOLÓGICO ILHA DO AMEIXAL,Uso Sustentável,GR4,0000.00.0036,DEC  91.889 de 05/11/1985,SP,MATA ATLÂNTICA,MATA ATLÂNTICA,358.888042719
ÁREA DE RELEVANTE INTERESSE ECOLÓGICO ILHAS DA QUEIMADA PEQUENA E QUEIMADA GRANDE,Uso Sustentável,GR4,0000.00.0037,DEC  91.887 de 05/11/1985,SP,SISTEMA COSTEIRO-MARINHO,SISTEMA COSTEIRO-MARINHO,65.1748595281
ÁREA DE RELEVANTE INTERESSE ECOLÓGICO JAVARÍ-BURITI,Uso Sustentável,GR1,0000.00.0038,DEC  91.886 de 05/11/1985,AM,AMAZÔNIA,AMAZÔNIA,13177.1193303
ÁREA DE RELEVANTE INTERESSE ECOLÓGICO MANGUEZAIS DA FOZ DO RIO MAMANGUAPE,Uso Sustentável,GR2,0000.00.0039,DEC  91.890 de 05/11/1985,PB,MATA ATLÂNTICA,MATA ATLÂNTICA e SISTEMA COSTEIRO-MARINHO,5769.540303
ÁREA DE RELEVANTE INTERESSE ECOLÓGICO MATÃO DE COSMÓPOLIS,Uso Sustentável,GR4,0000.00.0041,DEC  90.791 de 09/01/1985,SP,MATA ATLÂNTICA,MATA ATLÂNTICA,173.089447741
ÁREA DE RELEVANTE INTERESSE ECOLÓGICO PROJETO DINÂMICA BIOLÓGICA DE FRAGMENTOS FLORESTAIS,Uso Sustentável,GR1,0000.00.0043,DEC  91.884 de 05/11/1985,AM,AMAZÔNIA,AMAZÔNIA,3336.32969701
ÁREA DE RELEVANTE INTERESSE ECOLÓGICO SERINGAL NOVA ESPERANÇA,Uso Sustentável,GR1,0000.00.0044,DEC S/N de 20/08/1999,AC,AMAZÔNIA,AMAZÔNIA,2573.98212851
ÁREA DE RELEVANTE INTERESSE ECOLÓGICO SERRA DA ABELHA,Uso Sustentável,GR5,0000.00.0045,DEC S/N de 28/05/1996,SC,MATA ATLÂNTICA,MATA ATLÂNTICA,5016.60404678
ESTAÇÃO ECOLÓGICA ALTO MAUÉS,Proteção Integral,GR1,0000.00.3131,DEC S/N de 16/10/2014,AM,AMAZÔNIA,AMAZÔNIA,665673.526737
ESTAÇÃO ECOLÓGICA DA GUANABARA,Proteção Integral,GR4,0000.00.0263,DEC S/N de 15/02/2006,RJ,MATA ATLÂNTICA,MATA ATLÂNTICA,1936.24748226
ESTAÇÃO ECOLÓGICA DA MATA PRETA,Proteção Integral,GR5,0000.00.0261,DEC S/N de 19/10/2005,SC,MATA ATLÂNTICA,MATA ATLÂNTICA,6573.48021886
ESTAÇÃO ECOLÓGICA DA SERRA DAS ARARAS,Proteção Integral,GR3,0000.00.0075,"DEC  87.222, de 31/05/1982.",MT,CERRADO,CERRADO,27159.7103623
ESTAÇÃO ECOLÓGICA DA TERRA DO MEIO,Proteção Integral,GR1,0000.00.0047,DEC S/N de 17/02/2005,PA,AMAZÔNIA,AMAZÔNIA,3373174.67543
ESTAÇÃO ECOLÓGICA DE AIUABA,Proteção Integral,GR2,0000.00.0048,"DEC S/N, de 06/02/2001",CE,CAATINGA,CAATINGA,11335.1929263
ESTAÇÃO ECOLÓGICA DE ARACURI-ESMERALDA,Proteção Integral,GR5,0000.00.0050,DEC  86.061 de 2/6/1981.,RS,MATA ATLÂNTICA,MATA ATLÂNTICA,276.979175619
ESTAÇÃO ECOLÓGICA DE CARIJÓS,Proteção Integral,GR5,0000.00.0052,"DEC 94.656, de 20/07/1987",SC,MATA ATLÂNTICA,MATA ATLÂNTICA,728.934870436
ESTAÇÃO ECOLÓGICA DE CUNIÃ,Proteção Integral,GR1,0000.00.0053,DEC S/N de 27/09/2001; DEC S/N de 21/12/2007; DEC S/N de 13/03/2008; LEI 12.249 de 11/06/2010,RO/AM,AMAZÔNIA,AMAZÔNIA,182601.287703
ESTAÇÃO ECOLÓGICA DE GUARAQUEÇABA,Proteção Integral,GR5,0000.00.0054,"DEC 87.222, de 31/05/1982; DEC  93.053, de 31/07/1986; LEI 9.513, de 20/11/1997",PR,MATA ATLÂNTICA,MATA ATLÂNTICA,4370.14585139
ESTAÇÃO ECOLÓGICA DE JUTAÍ-SOLIMÕES,Proteção Integral,GR1,0000.00.0056,"DEC  88.541, de 21/7/1983; Portaria 375, de 11/10/2001",AM,AMAZÔNIA,AMAZÔNIA,289514.171711
ESTAÇÃO ECOLÓGICA DE MARACÁ,Proteção Integral,GR1,0000.00.0057,"DEC  86.061, de 02/06/1981 e Decreto de ampliação de 11.684 de 05 /09/2023",RR,AMAZÔNIA,AMAZÔNIA,154221.726774
ESTAÇÃO ECOLÓGICA DE MARACÁ-JIPIOCA,Proteção Integral,GR1,0000.00.0058,DEC 86.061 de 02/06/1981,AP,AMAZÔNIA,AMAZÔNIA,58756.9503018
ESTAÇÃO ECOLÓGICA DE MURICI,Proteção Integral,GR2,0000.00.0059,"DEC S/N, de 28/05/2001",AL,MATA ATLÂNTICA,MATA ATLÂNTICA,6131.62928797
ESTAÇÃO ECOLÓGICA DE PIRAPITINGA,Proteção Integral,GR4,0000.00.0061,"DEC 94.656, de 20/07/1987",MG,CERRADO,CERRADO,1384.50175663
ESTAÇÃO ECOLÓGICA DE TAIAMÃ,Proteção Integral,GR3,0000.00.0062,"DEC  86.061, de 02/06/1981",MT,PANTANAL,PANTANAL,11554.9824145
ESTAÇÃO ECOLÓGICA DE TAMOIOS,Proteção Integral,GR4,0000.00.0063,"DEC  98.864, de 23/01/1990",RJ,MATA ATLÂNTICA,MATA ATLÂNTICA,8660.35333046
ESTAÇÃO ECOLÓGICA DE URUÇUÍ - UNA,Proteção Integral,GR2,0000.00.0065,"DEC  86.061, de 02/06/1981",PI,CERRADO,CERRADO,129196.44369
ESTAÇÃO ECOLÓGICA DO CASTANHÃO,Proteção Integral,GR2,0000.00.0066,"DEC S/N, de 27/09/2001",CE,CAATINGA,CAATINGA,12574.6361241
ESTAÇÃO ECOLÓGICA DO JARI,Proteção Integral,GR1,0000.00.0067,"DEC  87.092, de 12/04/1982; DEC 89.440, de 13/03/1984",PA/AP,AMAZÔNIA,AMAZÔNIA,231082.093614
ESTAÇÃO ECOLÓGICA DO SERIDÓ,Proteção Integral,GR2,0000.00.0069,"DEC  87.222, de 31/05/1982",RN,CAATINGA,CAATINGA,1123.61233302
ESTAÇÃO ECOLÓGICA DO TAIM,Proteção Integral,GR5,0000.00.0070,"DEC 92.963, de 21/07/1986; DEC S/N de 05/06/2003; DEC S/N de 05/06/2017",RS,PAMPA,PAMPA,32806.3137014
ESTAÇÃO ECOLÓGICA DOS TUPINIQUINS,Proteção Integral,GR4,0000.00.0071,"DEC 92.964, de 21/07/1986",SP,SISTEMA COSTEIRO-MARINHO,SISTEMA COSTEIRO-MARINHO,1727.71418054
ESTAÇÃO ECOLÓGICA JUAMI-JAPURÁ,Proteção Integral,GR1,0000.00.0072,"DEC 91.307, de 03/06/1985",AM,AMAZÔNIA,AMAZÔNIA,831356.05258
ESTAÇÃO ECOLÓGICA MICO-LEÃO-PRETO,Proteção Integral,GR4,0000.00.0073,DEC S/N de 16/07/2002; DEC S/N de 14/05/2004,SP,MATA ATLÂNTICA,MATA ATLÂNTICA,6680.67407184
ESTAÇÃO ECOLÓGICA NIQUIÁ,Proteção Integral,GR1,0000.00.0060,"DEC 91.306, de 03/06/1985",RR,AMAZÔNIA,AMAZÔNIA,306394.549129
ESTAÇÃO ECOLÓGICA RASO DA CATARINA,Proteção Integral,GR2,0000.00.0074,"DEC 89.268, DE 03/01/1984; Portaria 373 de de 11/10/2001",BA,CAATINGA,CAATINGA,104726.642639
ESTAÇÃO ECOLÓGICA RIO ACRE,Proteção Integral,GR1,0000.00.0068,"DEC 86.061, de 02/06/1981",AC,AMAZÔNIA,AMAZÔNIA,78930.0544559
ESTAÇÃO ECOLÓGICA SERRA GERAL DO TOCANTINS,Proteção Integral,GR3,0000.00.0076,"DEC S/N, de 27/09/2001",BA/TO,CERRADO,CERRADO,707087.739606
ESTAÇÃO ECOLÓGICA TUPINAMBÁS,Proteção Integral,GR4,0000.00.0064,"DEC  94.656, de 20/07/1987",SP,SISTEMA COSTEIRO-MARINHO,SISTEMA COSTEIRO-MARINHO,2463.61506487
FLORESTA NACIONAL CONTENDAS DO SINCORÁ,Uso Sustentável,GR2,0000.00.0081,"DEC S/N, de 21/09/1999",BA,CAATINGA,CAATINGA,11215.9307646
FLORESTA NACIONAL DA MATA GRANDE,Uso Sustentável,GR3,0000.00.0128,"DEC S/N, de 13/10/2003",GO,CERRADO,CERRADO,1951.6336351
FLORESTA NACIONAL DA RESTINGA DE CABEDELO,Uso Sustentável,GR2,0000.00.0132,"DEC S/N, de 02/06/2004",PB,MATA ATLÂNTICA,MATA ATLÂNTICA,113.266293452
FLORESTA NACIONAL DE AÇU,Uso Sustentável,GR2,0000.00.0082,Portaria 245 de 18/07/2001,RN,CAATINGA,CAATINGA,211.378339189
FLORESTA NACIONAL DE ALTAMIRA,Uso Sustentável,GR1,0000.00.0083,"DEC  2.483, de 2/2/1998",PA,AMAZÔNIA,AMAZÔNIA,724973.936311
FLORESTA NACIONAL DE ANAUÁ,Uso Sustentável,GR1,0000.00.0084,DEC S/N de 18/02/2005,RR,AMAZÔNIA,AMAZÔNIA,259402.989397
FLORESTA NACIONAL DE ASSUNGUI,Uso Sustentável,GR5,0000.00.0077,Portaria 559 de 25/10/1968,PR,MATA ATLÂNTICA,MATA ATLÂNTICA,490.811574389
FLORESTA NACIONAL DE BALATA-TUFARI,Uso Sustentável,GR1,0000.00.0085,DEC S/N de 17/02/2005; DEC S/N DE 08/05/2008,AM,AMAZÔNIA,AMAZÔNIA,1088710.21001
FLORESTA NACIONAL DE BRASÍLIA,Uso Sustentável,GR3,0000.00.0086,"DEC S/N, de 10/06/1999; LEI  14.447, de 09/09/2022",DF,CERRADO,CERRADO,5622.79090231
FLORESTA NACIONAL DE CAÇADOR,Uso Sustentável,GR5,0000.00.0078,Portaria 560 de 25/10/1968,SC,MATA ATLÂNTICA,MATA ATLÂNTICA,706.539943354
FLORESTA NACIONAL DE CANELA,Uso Sustentável,GR5,0000.00.0087,Portaria 561 de 25/10/1968,RS,MATA ATLÂNTICA,MATA ATLÂNTICA,563.520841884
FLORESTA NACIONAL DE CAPÃO BONITO,Uso Sustentável,GR4,0000.00.0079,Portaria 558 de 25/10/1968,SP,CERRADO,MATA ATLÂNTICA e CERRADO,4316.90063583
FLORESTA NACIONAL DE CARAJÁS,Uso Sustentável,GR1,0000.00.0088,"DEC 2.486, de 02/02/1998",PA,AMAZÔNIA,AMAZÔNIA,391263.037756
FLORESTA NACIONAL DE CAXIUANÃ,Uso Sustentável,GR1,0000.00.0089,DEC 236 de 28/11/1961,PA,AMAZÔNIA,AMAZÔNIA,317950.656689
FLORESTA NACIONAL DE CHAPECÓ,Uso Sustentável,GR5,0000.00.0080,Portaria 560 de 25/10/1968,SC,MATA ATLÂNTICA,MATA ATLÂNTICA,1604.36103116
FLORESTA NACIONAL DE CRISTÓPOLIS,Uso Sustentável,GR2,0000.00.0090,DEC S/N de 18/05/2001,BA,CERRADO,CERRADO,12840.6921155
FLORESTA NACIONAL DE GOYTACAZES,Uso Sustentável,GR4,0000.00.0091,DEC S/N de 05/06/2012,ES,MATA ATLÂNTICA,MATA ATLÂNTICA,1425.65276314
FLORESTA NACIONAL DE HUMAITÁ,Uso Sustentável,GR1,0000.00.0092,"DEC 2.485, de 02/02/1998",AM,AMAZÔNIA,AMAZÔNIA,476589.499743
FLORESTA NACIONAL DE IBIRAMA,Uso Sustentável,GR5,0000.00.0093,"DEC 95.818, de 11/03/1988",SC,MATA ATLÂNTICA,MATA ATLÂNTICA,519.349925891
FLORESTA NACIONAL DE IPANEMA,Uso Sustentável,GR4,0000.00.0094,"DEC 530, de 20/05/1992",SP,MATA ATLÂNTICA,MATA ATLÂNTICA,5384.82538572
FLORESTA NACIONAL DE IRATI,Uso Sustentável,GR5,0000.00.0125,Portaria 559 de 25/10/1968,PR,MATA ATLÂNTICA,MATA ATLÂNTICA,3802.51282847
FLORESTA NACIONAL DE ITAITUBA I,Uso Sustentável,GR1,0000.00.0095,"DEC  2.481, de 02/02/1998; LEI 12.678, de 25/06/2012",PA,AMAZÔNIA,AMAZÔNIA,213104.944321
FLORESTA NACIONAL DE ITAITUBA II,Uso Sustentável,GR1,0000.00.0096,"DEC  2.482, de 02/02/1998; LEI 12.678, de 25/06/2012",PA,AMAZÔNIA,AMAZÔNIA,397760.258195
FLORESTA NACIONAL DE JACUNDÁ,Uso Sustentável,GR1,0000.00.0097,DEC S/N de 01/12/2004,RO,AMAZÔNIA,AMAZÔNIA,220809.207549
FLORESTA NACIONAL DE LORENA,Uso Sustentável,GR4,0000.00.0098,Portaria 246 de 18/07/2001,SP,MATA ATLÂNTICA,MATA ATLÂNTICA,281.408983442
FLORESTA NACIONAL DE MULATA,Uso Sustentável,GR1,0000.00.0099,DEC S/N de 01/08/2001,PA,AMAZÔNIA,AMAZÔNIA,215797.76065
FLORESTA NACIONAL DE NEGREIROS,Uso Sustentável,GR2,0000.00.1605,DEC S/N de 11/10/2007,PE,CAATINGA,CAATINGA,2967.44051253
FLORESTA NACIONAL DE NÍSIA FLORESTA,Uso Sustentável,GR2,0000.00.0100,DEC S/N de 27/09/2001,RN,MATA ATLÂNTICA,MATA ATLÂNTICA,168.843291864
FLORESTA NACIONAL DE PACOTUBA,Uso Sustentável,GR4,0000.00.0101,DEC S/N de 13/12/2002,ES,MATA ATLÂNTICA,MATA ATLÂNTICA,449.409623003
FLORESTA NACIONAL DE PALMARES,Uso Sustentável,GR2,0000.00.0102,DEC S/N de 21/02/2005,PI,CERRADO,CERRADO,168.210681973
FLORESTA NACIONAL DE PARAOPEBA,Uso Sustentável,GR4,0000.00.0103,Portaria 248 de 18/07/2001,MG,CERRADO,CERRADO,203.29196887
FLORESTA NACIONAL DE PASSA QUATRO,Uso Sustentável,GR4,0000.00.0129,Portaria 562 de 25/10/1968,MG,MATA ATLÂNTICA,MATA ATLÂNTICA,335.373106695
FLORESTA NACIONAL DE PASSO FUNDO,Uso Sustentável,GR5,0000.00.0130,Portaria 561 de 25/10/1968,RS,MATA ATLÂNTICA,MATA ATLÂNTICA,1333.63137445
FLORESTA NACIONAL DE PAU-ROSA,Uso Sustentável,GR1,0000.00.0104,DEC S/N de 07/08/2001.,AM,AMAZÔNIA,AMAZÔNIA,988186.718047
FLORESTA NACIONAL DE PIRAÍ DO SUL,Uso Sustentável,GR5,0000.00.0131,DEC S/N de 02/06/2004,PR,MATA ATLÂNTICA,MATA ATLÂNTICA,150.61440304
FLORESTA NACIONAL DE RITÁPOLIS,Uso Sustentável,GR4,0000.00.0105,DEC S/N de 21/09/1999,MG,MATA ATLÂNTICA,MATA ATLÂNTICA,89.1900950887
FLORESTA NACIONAL DE RORAIMA,Uso Sustentável,GR1,0000.00.0106,"DEC 97.545, de 01/03/1989; LEI 12.058, de 13/12/2009.",AM/RR,AMAZÔNIA,AMAZÔNIA,169628.701657
FLORESTA NACIONAL DE SANTA ROSA DO PURUS,Uso Sustentável,GR1,0000.00.0107,DEC S/N de 07/08/2001,AC,AMAZÔNIA,AMAZÔNIA,231556.880725
FLORESTA NACIONAL DE SÃO FRANCISCO,Uso Sustentável,GR1,0000.00.0108,DEC S/N de 07/08/2001,AC,AMAZÔNIA,AMAZÔNIA,21147.8044347
FLORESTA NACIONAL DE SÃO FRANCISCO DE PAULA,Uso Sustentável,GR5,0000.00.0133,Portaria 561 de 25/10/1968,RS,MATA ATLÂNTICA,MATA ATLÂNTICA,1561.14068334
FLORESTA NACIONAL DE SARACÁ-TAQUERA,Uso Sustentável,GR1,0000.00.0109,"DEC  98.704, de 27/12/1989",PA,AMAZÔNIA,AMAZÔNIA,441287.986836
FLORESTA NACIONAL DE SILVÂNIA,Uso Sustentável,GR3,0000.00.0110,Portaria 247 de 18/07/2001,GO,CERRADO,CERRADO,486.607813471
FLORESTA NACIONAL DE SOBRAL,Uso Sustentável,GR2,0000.00.0111,"Portaria 358, de 27/09/2001",CE,CAATINGA,CAATINGA,661.023364186
FLORESTA NACIONAL DE TEFÉ,Uso Sustentável,GR1,0000.00.0112,"DEC  97.629, de 10/04/1989",AM,AMAZÔNIA,AMAZÔNIA,865126.615368
FLORESTA NACIONAL DE TRÊS BARRAS,Uso Sustentável,GR5,0000.00.0134,Portaria 560 de 25/12/1968,SC,MATA ATLÂNTICA,MATA ATLÂNTICA,4385.35953155
FLORESTA NACIONAL DE URUPADI,Uso Sustentável,GR1,0000.00.3408,DEC S/N de 11/05/2016,AM,AMAZÔNIA,AMAZÔNIA,538081.090984
FLORESTA NACIONAL DO AMANA,Uso Sustentável,GR1,0000.00.0271,DEC S/N de 13/02/2006; DEC S/N de 11/05/2016,PA/AM,AMAZÔNIA,AMAZÔNIA,682561.01572
FLORESTA NACIONAL DO AMAPÁ,Uso Sustentável,GR1,0000.00.0113,"DEC  97.630, de 10/04/1989",AP,AMAZÔNIA,AMAZÔNIA,460359.14316
FLORESTA NACIONAL DO AMAZONAS,Uso Sustentável,GR1,0000.00.0114,"DEC  97.546, de 01/03/1989",AM/RR,AMAZÔNIA,AMAZÔNIA,1944230.0948
FLORESTA NACIONAL DO ARARIPE-APODI,Uso Sustentável,GR2,0000.00.0115,"DEC  LEI  9.226, de 02/05/1946; DEC S/N de 05/06/2012",CE,CAATINGA,CAATINGA,38920.0618622
FLORESTA NACIONAL DO ARIPUANÃ,Uso Sustentável,GR1,0000.00.3409,DEC S/N de 11/05/2016,AM,AMAZÔNIA,AMAZÔNIA,751302.173882
FLORESTA NACIONAL DO BOM FUTURO,Uso Sustentável,GR1,0000.00.0116,DEC  96.188 de 21/06/1988; LEI  12.249 de 11/06/2010,RO,AMAZÔNIA,AMAZÔNIA,98340.1037245
FLORESTA NACIONAL DO CREPORI,Uso Sustentável,GR1,0000.00.0270,DEC S/N de 13/02/2006; LEI 12.678 de 25/06/2012,PA,AMAZÔNIA,AMAZÔNIA,740396.472473
FLORESTA NACIONAL DO IBURA,Uso Sustentável,GR2,0000.00.0269,DEC S/N de 19/09/2005,SE,MATA ATLÂNTICA,MATA ATLÂNTICA,143.445095
FLORESTA NACIONAL DO IQUIRI,Uso Sustentável,GR1,0000.00.1612,DEC S/N de 08/05/2008,AM,AMAZÔNIA,AMAZÔNIA,1470193.31614
FLORESTA NACIONAL DO ITACAIUNAS,Uso Sustentável,GR1,0000.00.0117,"DEC 2.480, de 02/02/1998",PA,AMAZÔNIA,AMAZÔNIA,139814.861241
FLORESTA NACIONAL DO JAMANXIM,Uso Sustentável,GR1,0000.00.0266,DEC S/N de 13/02/2006,PA,AMAZÔNIA,AMAZÔNIA,1301697.46435
FLORESTA NACIONAL DO JAMARI,Uso Sustentável,GR1,0000.00.0118,"DEC 90.224, de 25/09/1984",RO,AMAZÔNIA,AMAZÔNIA,226723.788373
FLORESTA NACIONAL DO JATUARANA,Uso Sustentável,GR1,0000.00.0119,DEC S/N de 19/09/2002,AM,AMAZÔNIA,AMAZÔNIA,568315.877163
FLORESTA NACIONAL DO MACAUÃ,Uso Sustentável,GR1,0000.00.0120,"DEC 96.189, de 21/06/1988",AC,AMAZÔNIA,AMAZÔNIA,176347.36439
FLORESTA NACIONAL DO PARIMA,Uso Sustentável,GR1,0000.00.4617,DEC 11.685 de 05/09/2023,RR,AMAZÔNIA,AMAZÔNIA,109484.619718
FLORESTA NACIONAL DO PURUS,Uso Sustentável,GR1,0000.00.0121,DEC  96.190 de 21/06/1988,AM,AMAZÔNIA,AMAZÔNIA,256122.972362
FLORESTA NACIONAL DO RIO PRETO,Uso Sustentável,GR4,0000.00.0122,DEC  98.845 de 17/01/1990,ES,MATA ATLÂNTICA,MATA ATLÂNTICA,2817.40083698
FLORESTA NACIONAL DO TAPAJÓS,Uso Sustentável,GR1,0000.00.0123,"DEC  73.684 de 19/02/1974; LEI 12.678, de 25/06/2012",PA,AMAZÔNIA,AMAZÔNIA,525058.868869
FLORESTA NACIONAL DO TAPIRAPÉAQUIRI,Uso Sustentável,GR1,0000.00.0124,DEC  97.720 de 05/05/1989,PA,AMAZÔNIA,AMAZÔNIA,196506.472015
FLORESTA NACIONAL DO TRAIRÃO,Uso Sustentável,GR1,0000.00.0265,DEC S/N de 13/02/2006,PA,AMAZÔNIA,AMAZÔNIA,257529.344512
FLORESTA NACIONAL MAPIÁ - INAUINI,Uso Sustentável,GR1,0000.00.0126,DEC  98.051 de 14/08/1989,AM,AMAZÔNIA,AMAZÔNIA,368950.43793
FLORESTA NACIONAL MÁRIO XAVIER,Uso Sustentável,GR4,0000.00.0127,DEC  93.369 de 08/10/1986,RJ,MATA ATLÂNTICA,MATA ATLÂNTICA,495.990473567
MONUMENTO NATURAL CAVERNAS DE SÃO DESIDÉRIO,Proteção Integral,GR2,0000.00.4855,"DEC 12.047, de 05/06/2024",BA,CERRADO,CERRADO,16193.9734805
"MONUMENTO NATURAL DAS ILHAS DE TRINDADE, MARTIM VAZ E DO MONTE COLUMBIA",Proteção Integral,GR2,0000.00.3642,DEC 9.312 de 19/03/2018,BA,SISTEMA COSTEIRO-MARINHO,SISTEMA COSTEIRO-MARINHO,6769671.75512
MONUMENTO NATURAL DO ARQUIPÉLAGO DAS ILHAS CAGARRAS,Proteção Integral,GR4,0000.00.0034,LEI 12.229 de 13/04/2010,RJ,SISTEMA COSTEIRO-MARINHO,SISTEMA COSTEIRO-MARINHO,91.1982086828
MONUMENTO NATURAL DO ARQUIPÉLAGO DE SÃO PEDRO E SÃO PAULO,Proteção Integral,GR2,0000.00.3644,DEC 9.313 de 19/03/2018,PB,SISTEMA COSTEIRO-MARINHO,SISTEMA COSTEIRO-MARINHO,4726317.83567
MONUMENTO NATURAL DO RIO SÃO FRANCISCO,Proteção Integral,GR2,0000.00.1812,"DEC S/N, de 05/06/2009",BA/SE/AL,CAATINGA,CAATINGA,26736.7008108
MONUMENTO NATURAL DOS PONTÕES CAPIXABAS,Proteção Integral,GR4,0000.00.0181,"DEC S/N de 19/12/2002; Lei ordinária 11.686, de 02/06/2008",ES,MATA ATLÂNTICA,MATA ATLÂNTICA,17443.633526
PARQUE NACIONAL CAVERNAS DO PERUAÇU,Proteção Integral,GR4,0000.00.0135,DEC S/N de 21/09/1999,MG,CERRADO,CAATINGA e CERRADO,56449.004005
PARQUE NACIONAL DA AMAZÔNIA,Proteção Integral,GR1,0000.00.0136,"DEC 73.683, DE 19/02/1974; DEC 90.823, DE 18/01/1985; DEC S/N DE 13/02/2006; LEI 12.678, de 25/07/2012 ",AM/PA,AMAZÔNIA,AMAZÔNIA,1066209.71023
PARQUE NACIONAL DA CHAPADA DA DIAMANTINA,Proteção Integral,GR2,0000.00.0137,"DEC 91.655, de 17/09/1985",BA,CAATINGA,CAATINGA,151819.754106
PARQUE NACIONAL DA CHAPADA DAS MESAS,Proteção Integral,GR2,0000.00.0272,DEC S/N de 12/12/2005; DEC de S/N 31/01/2006,MA,CERRADO,CERRADO,159953.78065
PARQUE NACIONAL DA CHAPADA DOS GUIMARÃES,Proteção Integral,GR3,0000.00.0138,"DEC 97.656, de 12/04/1989",MT,CERRADO,CERRADO,32646.8318644
PARQUE NACIONAL DA CHAPADA DOS VEADEIROS,Proteção Integral,GR3,0000.00.0139,"DEC 49.875, de 11/01/1961; DEC 70.492, de 11/05/1972; DEC 86.173, DE 2 DE JULHO DE 1981; DEC 86.596, de 17/11/1981; DEC S/N, de 27/09/2001; DEC S/N de 05/06/2017.",GO,CERRADO,CERRADO,240586.563275
PARQUE NACIONAL DA FURNA FEIA,Proteção Integral,GR2,0000.00.2633,"DEC S/N, de 05/06/2012",RN,CAATINGA,CAATINGA,8558.70890302
PARQUE NACIONAL DA LAGOA DO PEIXE,Proteção Integral,GR5,0000.00.0140,"DEC 93.546, de 06/11/1986",RS,PAMPA,PAMPA,36721.9305667
PARQUE NACIONAL DA RESTINGA DE JURUBATIBA,Proteção Integral,GR4,0000.00.0141,"DEC S/N, de 29/04/1998",RJ,MATA ATLÂNTICA,MATA ATLÂNTICA,14919.4649034
PARQUE NACIONAL DA SERRA DA BOCAINA,Proteção Integral,GR4,0000.00.0142,"DEC 68.172, de 04/02/1971; DEC 70.694, de 08/06/1972",RJ/SP,MATA ATLÂNTICA,MATA ATLÂNTICA,106566.424788
PARQUE NACIONAL DA SERRA DA BODOQUENA,Proteção Integral,GR3,0000.00.0143,"DEC S/N, de 21/09/2000",MS,CERRADO,CERRADO,76973.5304348
PARQUE NACIONAL DA SERRA DA CANASTRA,Proteção Integral,GR4,0000.00.0144,"DEC 70.355, de 03/04/1972",MG,CERRADO,CERRADO,197971.961301
PARQUE NACIONAL DA SERRA DA CAPIVARA,Proteção Integral,GR2,0000.00.0145,"DEC 83.548, de 05/06/1979; DEC 99.143, de 12/03/1990",PI,CAATINGA,CAATINGA,100764.193848
PARQUE NACIONAL DA SERRA DAS CONFUSÕES,Proteção Integral,GR2,0000.00.0146,"DEC S/N, de 02/10/1998; DEC S/N, de 30/12/2010",PI,CAATINGA,CAATINGA e CERRADO,823854.539
PARQUE NACIONAL DA SERRA DAS LONTRAS,Proteção Integral,GR2,0000.00.1909,"DEC S/N, de 11/06/2010",BA,MATA ATLÂNTICA,MATA ATLÂNTICA,11343.8437114
PARQUE NACIONAL DA SERRA DO CIPÓ,Proteção Integral,GR4,0000.00.0148,"DEC 90.223, de 25/09/1984; DEC 94.984, de 30/09/1987",MG,CERRADO,CERRADO E MATA ATLÂNTICA,31639.5346512
PARQUE NACIONAL DA SERRA DO DIVISOR,Proteção Integral,GR1,0000.00.0149,"DEC 97.839, de 16/06/1989",AC,AMAZÔNIA,AMAZÔNIA,837559.631069
PARQUE NACIONAL DA SERRA DO GANDARELA,Proteção Integral,GR4,0000.00.3136,"DEC S/N, de 13/10/2014",MG,MATA ATLÂNTICA,MATA ATLÂNTICA,31270.826104
PARQUE NACIONAL DA SERRA DO ITAJAÍ,Proteção Integral,GR5,0000.00.0150,"DEC S/N, de 04/06/2004; DEC S/N, de 20/02/2006, LEI 15.090 de 07/01/2025",SC,MATA ATLÂNTICA,MATA ATLÂNTICA,57528.9689982
PARQUE NACIONAL DA SERRA DO PARDO,Proteção Integral,GR1,0000.00.0151,"DEC S/N, de 17/02/2005",PA,AMAZÔNIA,AMAZÔNIA,445413.44732
PARQUE NACIONAL DA SERRA DO TEIXEIRA,Proteção Integral,GR2,0000.00.4581,DEC 11.522 de 05/06/2023,PB,CAATINGA,CAATINGA,61095.70258
PARQUE NACIONAL DA SERRA DOS ÓRGÃOS,Proteção Integral,GR4,0000.00.0152,"DEC 1.822, de 30/11/1939 ;DEC 90.023, de 02/08/1984 ;DEC S/N, de 13/09/2008; LEI 14452 de 21/09/2022; LEI 14516 de 29/12/2022",RJ,MATA ATLÂNTICA,MATA ATLÂNTICA,19850.3065728
PARQUE NACIONAL DA SERRA GERAL,Proteção Integral,GR5,0000.00.0153,"DEC 531, de 20/05/1992",SC/RS,MATA ATLÂNTICA,MATA ATLÂNTICA,17274.4917708
PARQUE NACIONAL DA TIJUCA,Proteção Integral,GR4,0000.00.0154,"DEC 50.923, de 06/07/1961 ;DEC 60.183, de 08/02/1967 ;DEC 70.186, de 23/02/1972 ;DEC S/N, de 03/06/2004",RJ,MATA ATLÂNTICA,MATA ATLÂNTICA,3958.51168382
PARQUE NACIONAL DAS ARAUCÁRIAS,Proteção Integral,GR5,0000.00.0262,"DEC S/N, de 19/10/2005",SC,MATA ATLÂNTICA,MATA ATLÂNTICA,12809.588362
PARQUE NACIONAL DAS EMAS,Proteção Integral,GR3,0000.00.0155,"DEC 49.874, de 11/01/1961; DEC 70.375, de 06/04/1972",MS/GO,CERRADO,CERRADO,132787.860275
PARQUE NACIONAL DAS NASCENTES DO RIO PARNAÍBA,Proteção Integral,GR2,0000.00.0156,"DEC S/N, de 16/07/2002; LEI 13.090, de 12/01/2015",MA/PI/BA,CERRADO,CERRADO,749774.175082
PARQUE NACIONAL DAS SEMPRE-VIVAS,Proteção Integral,GR4,0000.00.0157,"DEC S/N, de 13/12/2002",MG,CERRADO,CERRADO,126617.316611
PARQUE NACIONAL DE ANAVILHANAS,Proteção Integral,GR1,0000.00.0049,"DEC 86.061, de 02/06/1981;LEI 11.799, de 29/10/2008",AM,AMAZÔNIA,AMAZÔNIA,350243.312276
PARQUE NACIONAL DE APARADOS DA SERRA,Proteção Integral,GR5,0000.00.0158,"DEC 47.446, de 17/12/1959;DEC 70.296, de 17/03/1972",SC/RS,MATA ATLÂNTICA,MATA ATLÂNTICA,12966.2564996
PARQUE NACIONAL DE BOA NOVA,Proteção Integral,GR2,0000.00.1908,"DEC S/N, de 11/06/2010",BA,MATA ATLÂNTICA,MATA ATLÂNTICA,12294.664198
PARQUE NACIONAL DE BRASÍLIA,Proteção Integral,GR3,0000.00.0159,"DEC 241, de 29/11/1961; LEI 11.285, de 09/03/2006",DF,CERRADO,CERRADO,42355.5418564
PARQUE NACIONAL DE CAPARAÓ,Proteção Integral,GR4,0000.00.0160,"DEC 50.646, de 24/05/1961; DEC S/N, de 20/11/1991; DEC S/N, de 20/11/1997",ES/MG,MATA ATLÂNTICA,MATA ATLÂNTICA,31751.1707115
PARQUE NACIONAL DE ILHA GRANDE,Proteção Integral,GR5,0000.00.0161,"DEC S/N, de 30/09/1997",MS/PR,MATA ATLÂNTICA,MATA ATLÂNTICA,76460.4217648
PARQUE NACIONAL DE ITATIAIA,Proteção Integral,GR4,0000.00.0184,"DEC 1.713, de 14/06/1937; DEC 87.586, de 20/09/1982",MG/RJ,MATA ATLÂNTICA,MATA ATLÂNTICA,28086.3496203
PARQUE NACIONAL DE JERICOACOARA,Proteção Integral,GR2,0000.00.0162,"DEC S/N, de 04/02/2002; LEI 11.486, de 15/06/2007",CE,CAATINGA,CAATINGA,8855.46858471
PARQUE NACIONAL DE PACAÁS NOVOS,Proteção Integral,GR1,0000.00.0163,"DEC 84.019, de 21/09/1979",RO,AMAZÔNIA,AMAZÔNIA,706104.463472
PARQUE NACIONAL DE SAINT-HILAIRE/LANGE,Proteção Integral,GR5,0000.00.0164,"LEI 10.227, de 23/05/2001; DEC 12.488 de 03/06/2025",PR,MATA ATLÂNTICA,MATA ATLÂNTICA,24302.5465728
PARQUE NACIONAL DE SÃO JOAQUIM,Proteção Integral,GR5,0000.00.0165,"DEC 50.922, de 06/07/1961; LEI 13273, de15/04/2016",SC,MATA ATLÂNTICA,MATA ATLÂNTICA,49672.3756463
PARQUE NACIONAL DE SETE CIDADES,Proteção Integral,GR2,0000.00.0166,"DEC 50.744, de 05/06/1961",PI,CAATINGA,CAATINGA,6310.84803576
PARQUE NACIONAL DE UBAJARA,Proteção Integral,GR2,0000.00.0167,"DEC 45.954, de 30/04/1959; DEC 72.144, de 26/04/1973; DEC S/N, de 13/12/2002",CE,CAATINGA,CAATINGA,6304.44278657
PARQUE NACIONAL DO ACARI,Proteção Integral,GR1,0000.00.3410,DEC S/N de 11/05/2016,AM,AMAZÔNIA,AMAZÔNIA,896410.954126
PARQUE NACIONAL DO ALTO CARIRI,Proteção Integral,GR2,0000.00.1910,"DEC S/N, de 11/06/2010",BA,MATA ATLÂNTICA,MATA ATLÂNTICA,19260.2391348
PARQUE NACIONAL DO ARAGUAIA,Proteção Integral,GR3,0000.00.0168,"DEC 47.570, de 31/12/1959; DEC 84.844, de 24/06/1980",TO,CERRADO,CERRADO,555524.438296
PARQUE NACIONAL DO BOQUEIRÃO DA ONÇA,Proteção Integral,GR2,0000.00.3652,DEC 9.336 de 05/04/2018,BA,CAATINGA,CAATINGA,346908.103055
PARQUE NACIONAL DO CABO ORANGE,Proteção Integral,GR1,0000.00.0169,"DEC 84.913, de 15/07/1980",AP,AMAZÔNIA,AMAZÔNIA,657327.774408
PARQUE NACIONAL DO CATIMBAU,Proteção Integral,GR2,0000.00.0170,"DEC S/N, de 13/12/2002",PE,CAATINGA,CAATINGA,62239.5907285
PARQUE NACIONAL DO DESCOBRIMENTO,Proteção Integral,GR2,0000.00.0171,"DEC S/N, de 05/06/2012",BA,MATA ATLÂNTICA,MATA ATLÂNTICA,22607.8372887
PARQUE NACIONAL DO IGUAÇU,Proteção Integral,GR5,0000.00.0172,"DEC  1.035, de 10/01/1939; DEC 86.676, de 01/12/1981",PR,MATA ATLÂNTICA,MATA ATLÂNTICA,169851.871052
PARQUE NACIONAL DO JAMANXIM,Proteção Integral,GR1,0000.00.0267,DEC S/N de 13/02/2006; LEI 13.452 de 19/06/2017,PA,AMAZÔNIA,AMAZÔNIA,862895.272902
PARQUE NACIONAL DO JAÚ,Proteção Integral,GR1,0000.00.0173,DEC 85.200 de 24/09/1980,AM/RR,AMAZÔNIA,AMAZÔNIA,2367357.46883
PARQUE NACIONAL DO JURUENA,Proteção Integral,GR1,0000.00.0281,DEC S/N de 05/06/2006,AM/MT,AMAZÔNIA,AMAZÔNIA,1958014.41698
PARQUE NACIONAL DO MONTE RORAIMA,Proteção Integral,GR1,0000.00.0174,"DEC 97.887, de 28/06/1989",RR,AMAZÔNIA,AMAZÔNIA,116749.240341
PARQUE NACIONAL DO PANTANAL MATO-GROSSENSE,Proteção Integral,GR3,0000.00.0175,"DEC 86.392, de 24/09/1981",MS/MT,PANTANAL,PANTANAL,135922.646174
PARQUE NACIONAL DO PAU BRASIL,Proteção Integral,GR2,0000.00.0176,"DEC S/N, de 11/06/2010",BA,MATA ATLÂNTICA,MATA ATLÂNTICA,18934.5455525
PARQUE NACIONAL DO PICO DA NEBLINA,Proteção Integral,GR1,0000.00.0177,"DEC 83.550, de 05/06/1979",AM,AMAZÔNIA,AMAZÔNIA,2252775.71281
PARQUE NACIONAL DO RIO NOVO,Proteção Integral,GR1,0000.00.0264,"DEC S/N, de 13/02/2006",PA,AMAZÔNIA,AMAZÔNIA,538157.146576
PARQUE NACIONAL DO SUPERAGUI,Proteção Integral,GR5,0000.00.0178,DEC 97.688 de 25/04/1989; DEC 9.513 de 20/11/1997,SP/PR,MATA ATLÂNTICA,MATA ATLÂNTICA,33860.6378333
PARQUE NACIONAL DO VIRUÁ,Proteção Integral,GR1,0000.00.0179,"DEC S/N, de 29/04/1998 e Decreto N11.683 de 05/09/2023",RR,AMAZÔNIA,AMAZÔNIA,280983.195591
PARQUE NACIONAL DOS CAMPOS AMAZÔNICOS,Proteção Integral,GR1,0000.00.0284,"DEC S/N, de 21/06/2006; MP 542, de 12/08/2011; LEI 12.678, de 25/06/2012",RO/MT/AM,AMAZÔNIA,AMAZÔNIA,961326.64895
PARQUE NACIONAL DOS CAMPOS FERRUGINOSOS,Proteção Integral,GR1,0000.00.3519,DEC S/N de 05/06/2017,PA,AMAZÔNIA,AMAZÔNIA,78884.5681227
PARQUE NACIONAL DOS CAMPOS GERAIS,Proteção Integral,GR5,0000.00.0277,DEC S/N de 23/03/2006,PR,MATA ATLÂNTICA,MATA ATLÂNTICA,21299.0759665
PARQUE NACIONAL DOS LENÇOIS MARANHENSES,Proteção Integral,GR2,0000.00.0180,"DEC 86.060, de 02/06/1981",MA,CERRADO,CERRADO e SISTEMA COSTEIRO-MARINHO,157174.125222
PARQUE NACIONAL E HISTÓRICO DO MONTE PASCOAL,Proteção Integral,GR2,0000.00.0182,"DEC  242 de 29/11/1961; DEC 3.421, de 20/04/2000",BA,MATA ATLÂNTICA,MATA ATLÂNTICA,22239.8443803
PARQUE NACIONAL GRANDE SERTÃO VEREDAS,Proteção Integral,GR4,0000.00.0183,"DEC 97.658, de 12/04/1989; DEC S/N, de 21/05/2004",BA/MG,CERRADO,CERRADO,230856.142981
PARQUE NACIONAL GUARICANA,Proteção Integral,GR5,0000.00.3137,"DEC S/N, de 13/10/2014",PR,MATA ATLÂNTICA,MATA ATLÂNTICA,49286.8744444
PARQUE NACIONAL MAPINGUARI,Proteção Integral,GR1,0000.00.1633,"DEC S/N de 05/06/2008; LEI 12.249, de 11/06/2010; LEI 12.678, de 25/06/2012",AM/RO,AMAZÔNIA,AMAZÔNIA,1776932.04468
PARQUE NACIONAL MARINHO DAS ILHAS DOS CURRAIS,Proteção Integral,GR5,0000.00.2874,"LEI 12.829, de 20/06/2013",PR,SISTEMA COSTEIRO-MARINHO,SISTEMA COSTEIRO-MARINHO,1359.70097745
PARQUE NACIONAL MARINHO DE FERNANDO DE NORONHA,Proteção Integral,GR2,0000.00.0186,"DEC 96.693, de 14/09/1988",PE,SISTEMA COSTEIRO-MARINHO,SISTEMA COSTEIRO-MARINHO,10932.5672105
PARQUE NACIONAL MARINHO DOS ABROLHOS,Proteção Integral,GR2,0000.00.0185,"DEC 88.218, de 06/04/1983",BA,SISTEMA COSTEIRO-MARINHO,SISTEMA COSTEIRO-MARINHO,87943.1394998
PARQUE NACIONAL MONTANHAS DO TUMUCUMAQUE,Proteção Integral,GR1,0000.00.0187,"DEC S/N, de 22/08/2002",AP,AMAZÔNIA,AMAZÔNIA,3865172.48223
PARQUE NACIONAL NASCENTES DO LAGO JARI,Proteção Integral,GR1,0000.00.1626,"DEC S/N, de 08/05/2008",AM,AMAZÔNIA,AMAZÔNIA,808607.838884
PARQUE NACIONAL SERRA DA CUTIA,Proteção Integral,GR1,0000.00.0188,"DEC S/N, de 01/08/2001",RO,AMAZÔNIA,AMAZÔNIA,283503.495276
PARQUE NACIONAL SERRA DA MOCIDADE,Proteção Integral,GR1,0000.00.0189,"DEC S/N, de 29/04/1998",AM/RR,AMAZÔNIA,AMAZÔNIA,359943.614696
PARQUE NACIONAL SERRA DE ITABAIANA,Proteção Integral,GR2,0000.00.0147,"DEC S/N, de 15/06/2005",SE,MATA ATLÂNTICA,MATA ATLÂNTICA,8024.79426535
REFÚGIO DE VIDA SILVESTRE DA ARARINHA AZUL,Proteção Integral,GR2,0000.00.3694,DEC 9.402 de 05/06/2018,BA,CAATINGA,CAATINGA,29234.7346033
REFÚGIO DE VIDA SILVESTRE DA ILHA DOS LOBOS,Proteção Integral,GR5,0000.00.0190,"DEC 88.463, DE 04/07/1983; DEC S/N de 13/02/2006",RS,SISTEMA COSTEIRO-MARINHO,SISTEMA COSTEIRO-MARINHO,142.388199095
REFÚGIO DE VIDA SILVESTRE DAS VEREDAS DO OESTE BAIANO,Proteção Integral,GR3,0000.00.0219,DEC S/N de 13/12/2002; DEC S/N de 11/06/2010,BA,CERRADO,CERRADO,128050.552597
REFÚGIO DE VIDA SILVESTRE DE BOA NOVA,Proteção Integral,GR2,0000.00.1907,"DEC S/N, de 11/06/2010",BA,MATA ATLÂNTICA,MATA ATLÂNTICA,14833.5472904
REFÚGIO DE VIDA SILVESTRE DE SANTA CRUZ,Proteção Integral,GR4,0000.00.1911,DEC S/N de 17/06/2010,ES,SISTEMA COSTEIRO-MARINHO,SISTEMA COSTEIRO-MARINHO,17749.998297
REFÚGIO DE VIDA SILVESTRE DE UNA,Proteção Integral,GR2,0000.00.1880,DEC S/N de 21/12/2007,BA,MATA ATLÂNTICA,MATA ATLÂNTICA,23262.0858243
REFÚGIO DE VIDA SILVESTRE DO ARQUIPÉLAGO DE ALCATRAZES,Proteção Integral,GR4,0000.00.3432,DEC S/N de 02/08/2016,SP,SISTEMA COSTEIRO-MARINHO,SISTEMA COSTEIRO-MARINHO,67479.2905006
REFÚGIO DE VIDA SILVESTRE DO RIO DOS FRADES,Proteção Integral,GR2,0000.00.1813,DEC S/N de 21/12/2007,BA,MATA ATLÂNTICA,MATA ATLÂNTICA,971.132869173
REFÚGIO DE VIDA SILVESTRE DO SAUIM-DE-COLEIRA,Proteção Integral,GR1,0000.00.4854,"DEC 12.047, de 05/06/2024",AM,AMAZÔNIA,AMAZÔNIA,15289.5921017
REFÚGIO DE VIDA SILVESTRE DO SOLDADINHO-DO-ARARIPE,Proteção Integral,GR2,0000.00.5123,DEC 12.492 de 05/06/2025,CE,CAATINGA,CAATINGA,5540.63113211
REFÚGIO DE VIDA SILVESTRE DOS CAMPOS DE PALMAS,Proteção Integral,GR5,0000.00.0278,DEC S/N de 03/04/2006,PR/SC,MATA ATLÂNTICA,MATA ATLÂNTICA,16594.2869698
RESERVA BIOLÓGICA  AUGUSTO RUSCHI,Proteção Integral,GR4,0000.00.0191,DEC 87.589 de 20/09/1982; DEC 92.753 de 05/06/1986,ES,MATA ATLÂNTICA,MATA ATLÂNTICA,3540.32014201
RESERVA BIOLÓGICA BOM JESUS,Proteção Integral,GR5,0000.00.2634,DEC S/N de 05/06/2012,PR,MATA ATLÂNTICA,MATA ATLÂNTICA,34179.0261271
RESERVA BIOLÓGICA DA CONTAGEM,Proteção Integral,GR3,0000.00.0192,DEC S/N de 13/12/2002,DF,CERRADO,CERRADO,3411.71689434
RESERVA BIOLÓGICA DA MATA ESCURA,Proteção Integral,GR4,0000.00.0193,DEC S/N de 05/06/2003,MG,MATA ATLÂNTICA,MATA ATLÂNTICA,50892.3879727
RESERVA BIOLÓGICA DAS ARAUCÁRIAS,Proteção Integral,GR5,0000.00.0276,DEC S/N de 23/03/2006,PR,MATA ATLÂNTICA,MATA ATLÂNTICA,14930.4928393
RESERVA BIOLÓGICA DAS PEROBAS,Proteção Integral,GR5,0000.00.0275,DEC S/N de 20/03/2006,PR,MATA ATLÂNTICA,MATA ATLÂNTICA,8716.19222132
RESERVA BIOLÓGICA DE COMBOIOS,Proteção Integral,GR4,0000.00.0195,DEC 90.222 de 25/09/1984,ES,MATA ATLÂNTICA,SISTEMA COSTEIRO-MARINHO e MATA ATLÂNTICA,784.641677356
RESERVA BIOLÓGICA DE PEDRA TALHADA,Proteção Integral,GR2,0000.00.0197,DEC 98.524 de 13/12/1989,PE/AL,MATA ATLÂNTICA,MATA ATLÂNTICA,4382.37232472
RESERVA BIOLÓGICA DE POÇO DAS ANTAS,Proteção Integral,GR4,0000.00.0215,DEC 73.791 de 11/03/1974; DEC  76.534 de 13/11/1975,RJ,MATA ATLÂNTICA,MATA ATLÂNTICA,5052.53351586
RESERVA BIOLÓGICA DE SALTINHO,Proteção Integral,GR2,0000.00.0198,DEC 88.744 de 21/09/1983,PE,MATA ATLÂNTICA,MATA ATLÂNTICA,562.576888259
RESERVA BIOLÓGICA DE SANTA ISABEL,Proteção Integral,GR2,0000.00.0199,DEC 96.999 de 20/10/1988,SE,MATA ATLÂNTICA,MATA ATLÂNTICA e SISTEMA COSTEIRO-MARINHO,4109.88365883
RESERVA BIOLÓGICA DE SERRA NEGRA,Proteção Integral,GR2,0000.00.0200,DEC 87.591 de 20/08/1982,PE,CAATINGA,CAATINGA,624.85834311
RESERVA BIOLÓGICA DE SOORETAMA,Proteção Integral,GR4,0000.00.0201,DEC 87.588 de 20/09/1982,ES,MATA ATLÂNTICA,MATA ATLÂNTICA,27859.0127101
RESERVA BIOLÓGICA DE UNA,Proteção Integral,GR2,0000.00.0202,DEC 85.463 de 10/12/1980,BA,MATA ATLÂNTICA,MATA ATLÂNTICA,18725.062839
RESERVA BIOLÓGICA DO ABUFARI,Proteção Integral,GR1,0000.00.0194,DEC 87.585 de 20/09/1982,AM,AMAZÔNIA,AMAZÔNIA,224748.687502
RESERVA BIOLÓGICA DO ATOL DAS ROCAS,Proteção Integral,GR2,0000.00.0203,DEC 83.549 de 05/06/1979,PE,SISTEMA COSTEIRO-MARINHO,SISTEMA COSTEIRO-MARINHO,35187.0141878
RESERVA BIOLÓGICA DO CÓRREGO DO VEADO,Proteção Integral,GR4,0000.00.0204,DEC 87.590 de 20/09/1982; DEC 89.569 de 23/04/1984,ES,MATA ATLÂNTICA,MATA ATLÂNTICA,2375.76298441
RESERVA BIOLÓGICA DO CÓRREGO GRANDE,Proteção Integral,GR4,0000.00.0205,DEC 97.657 de 12/04/1989,ES,MATA ATLÂNTICA,MATA ATLÂNTICA,1503.7518883
RESERVA BIOLÓGICA DO GUAPORÉ,Proteção Integral,GR1,0000.00.0206,DEC 87.587 de 20/09/1982,RO,AMAZÔNIA,AMAZÔNIA,615776.329346
RESERVA BIOLÓGICA DO GURUPI,Proteção Integral,GR1,0000.00.0207,DEC 95.614 de 12/01/1988,MA,AMAZÔNIA,AMAZÔNIA,271477.699888
RESERVA BIOLÓGICA DO JARU,Proteção Integral,GR1,0000.00.0208,DEC 83.716 de 11/07/1979; DEC S/N de 02/05/2006,RO,AMAZÔNIA,AMAZÔNIA,346864.198151
RESERVA BIOLÓGICA DO LAGO PIRATUBA,Proteção Integral,GR1,0000.00.0209,DEC 84.914 de 16/07/1980; DEC  89.932 de 10/07/1984,AP,AMAZÔNIA,AMAZÔNIA,392474.848864
RESERVA BIOLÓGICA DO MANICORÉ,Proteção Integral,GR1,0000.00.3411,DEC S/N de 11/05/2016,AM,AMAZÔNIA,AMAZÔNIA,359137.545513
RESERVA BIOLÓGICA DO RIO TROMBETAS,Proteção Integral,GR1,0000.00.0210,DEC 84018 de 21/09/1979,PA,AMAZÔNIA,AMAZÔNIA,407759.212951
RESERVA BIOLÓGICA DO TAPIRAPÉ,Proteção Integral,GR1,0000.00.0211,DEC 97.719 de 05/05/1989,PA,AMAZÔNIA,AMAZÔNIA,99273.0353053
RESERVA BIOLÓGICA DO TINGUÁ,Proteção Integral,GR4,0000.00.0212,DEC 97.780 de 23/05/1989,RJ,MATA ATLÂNTICA,MATA ATLÂNTICA,24812.9023567
RESERVA BIOLÓGICA DO UATUMÃ,Proteção Integral,GR1,0000.00.0213,DEC 99.277 de 06/06/1990; DEC S/N de 19/09/2002,AM,AMAZÔNIA,AMAZÔNIA,938731.621538
RESERVA BIOLÓGICA GUARIBAS,Proteção Integral,GR2,0000.00.0196,DEC 98.884 de 25/01/1990,PB,MATA ATLÂNTICA,MATA ATLÂNTICA,4274.52964071
RESERVA BIOLÓGICA MARINHA DO ARVOREDO,Proteção Integral,GR5,0000.00.0214,DEC 99.142 de 12/03/1990,SC,SISTEMA COSTEIRO-MARINHO,SISTEMA COSTEIRO-MARINHO e MATA ATLÂNTICA,17104.5996796
RESERVA BIOLÓGICA NASCENTES DA SERRA DO CACHIMBO,Proteção Integral,GR1,0000.00.0216,DEC S/N de 20/05/2005,PA,AMAZÔNIA,AMAZÔNIA,342195.772904
RESERVA BIOLÓGICA UNIÃO,Proteção Integral,GR4,0000.00.0217,DEC S/N de 22/04/1998;  DEC S/N de 05/06/2017,RJ,MATA ATLÂNTICA,MATA ATLÂNTICA,7756.75871917
RESERVA DE DESENVOLVIMENTO DE SUSTENTÁVEL DE  ITATUPÃ-BAQUIÁ,Uso Sustentável,GR1,0000.00.0218,DEC S/N de 14/06/2005,PA,AMAZÔNIA,AMAZÔNIA,64442.1783652
RESERVA DE DESENVOLVIMENTO SUSTENTÁVEL FAXINAL BOM RETIRO,Uso Sustentável,GR5,0000.00.5124,DEC 12.482 de 03/06/2025,PR,MATA ATLÂNTICA,MATA ATLÂNTICA,1370.01305502
RESERVA DE DESENVOLVIMENTO SUSTENTÁVEL FAXINAL SÃO ROQUINHO,Uso Sustentável,GR5,0000.00.5125,DEC 12.487 de 03/06/2025,PR,MATA ATLÂNTICA,MATA ATLÂNTICA,1212.17800161
RESERVA DE DESENVOLVIMENTO SUSTENTÁVEL NASCENTES GERAIZEIRAS,Uso Sustentável,GR4,0000.00.3135,DEC S/N de 13/10/2014,MG,CERRADO,MATA ATLÂNTICA e CERRADO,38177.2667933
RESERVA EXTRATIVISTA ACAÚ-GOIANA,Uso Sustentável,GR2,0000.00.1563,"DEC S/N, de 26/09/2007",PB/PE,MATA ATLÂNTICA,MATA ATLÂNTICA,6708.6904585
RESERVA EXTRATIVISTA ARAPIRANGA-TROMAÍ,Uso Sustentável,GR1,0000.00.3654,DEC 9.339 de 05/04/2018,MA,SISTEMA COSTEIRO-MARINHO,SISTEMA COSTEIRO-MARINHO,186909.141791
RESERVA EXTRATIVISTA ARAPIXI,Uso Sustentável,GR1,0000.00.0285,"DEC S/N, de 21/06/2006",AM,AMAZÔNIA,AMAZÔNIA,133711.506539
RESERVA EXTRATIVISTA ARIÓCA PRUANÃ,Uso Sustentável,GR1,0000.00.0273,"DEC S/N, de  16/11/2005",PA,AMAZÔNIA,AMAZÔNIA,83816.7160639
RESERVA EXTRATIVISTA AUATÍ-PARANÁ,Uso Sustentável,GR1,0000.00.0220,"DEC S/N, de 07/08/2001",AM,AMAZÔNIA,AMAZÔNIA,141985.00622
RESERVA EXTRATIVISTA BAIXO RIO BRANCO-JAUAPERI,Uso Sustentável,GR1,0000.00.3693,DEC 9.401 de 05/06/2018,AM/RR,AMAZÔNIA,AMAZÔNIA,580630.920552
RESERVA EXTRATIVISTA BARREIRO DAS ANTAS,Uso Sustentável,GR1,0000.00.0221,"DEC S/N, de 07/08/2001",RO,AMAZÔNIA,AMAZÔNIA,106198.522169
RESERVA EXTRATIVISTA CHAPADA LIMPA,Uso Sustentável,GR2,0000.00.1564,"DEC S/N, de 26/09/2007",MA,CERRADO,CERRADO,11973.2312839
RESERVA EXTRATIVISTA CHICO MENDES,Uso Sustentável,GR1,0000.00.0222,"DEC 99.144, de 12/03/1990",AC,AMAZÔNIA,AMAZÔNIA,931542.942205
RESERVA EXTRATIVISTA CHOCOARÉ-MATO GROSSO,Uso Sustentável,GR1,0000.00.0223,"DEC S/N, de 16/12/2002. DEC 11.551 de 05/06/2023",PA,AMAZÔNIA,AMAZÔNIA,4617.86144095
RESERVA EXTRATIVISTA DA BAÍA DO TUBARÃO,Uso Sustentável,GR1,0000.00.3653,DEC 9.340 de 05/04/2018,MA,SISTEMA COSTEIRO-MARINHO,"SISTEMA COSTEIRO-MARINHO, AMAZÔNIA e CERRADO",223888.975558
RESERVA EXTRATIVISTA DE CANAVIEIRAS,Uso Sustentável,GR2,0000.00.0253,"DEC S/N, de  05/06/2006",BA,MATA ATLÂNTICA,MATA ATLÂNTICA,100688.407858
RESERVA EXTRATIVISTA DE CASSURUBÁ,Uso Sustentável,GR2,0000.00.1808,DEC S/N de  05/06/2009,BA,MATA ATLÂNTICA,MATA ATLÂNTICA,100578.378101
RESERVA EXTRATIVISTA DE CURURUPU,Uso Sustentável,GR1,0000.00.0279,"DEC S/N, de 02/06/2004",MA,AMAZÔNIA,AMAZÔNIA,186056.73005
RESERVA EXTRATIVISTA DE RECANTO DAS ARARAS DE TERRA RONCA,Uso Sustentável,GR3,0000.00.0286,"DEC S/N, de 11/09/2006",GO,CERRADO,CERRADO,12349.3298009
RESERVA EXTRATIVISTA DE SÃO JOÃO DA PONTA,Uso Sustentável,GR1,0000.00.0228,"DEC S/N, de 13/12/2002",PA,AMAZÔNIA,AMAZÔNIA,3409.49367205
RESERVA EXTRATIVISTA DO ALTO JURUÁ,Uso Sustentável,GR1,0000.00.1517,"DEC 98.863, de 23/01/1990",AC,AMAZÔNIA,AMAZÔNIA,537949.359192
RESERVA EXTRATIVISTA DO ALTO TARAUACÁ,Uso Sustentável,GR1,0000.00.0274,"DEC S/N, de 8/11/2000",AC,AMAZÔNIA,AMAZÔNIA,154133.845605
RESERVA EXTRATIVISTA DO BAIXO JURUÁ,Uso Sustentável,GR1,0000.00.0230,"DEC S/N, de 01/08/2001",AM,AMAZÔNIA,AMAZÔNIA,178038.921587
RESERVA EXTRATIVISTA DO BATOQUE,Uso Sustentável,GR2,0000.00.0231,"DEC S/N, de 05/06/2003",CE,CAATINGA,CAATINGA,601.446843963
RESERVA EXTRATIVISTA DO CAZUMBÁ-IRACEMA,Uso Sustentável,GR1,0000.00.0232,"DEC S/N, de 19/10/2002",AC,AMAZÔNIA,AMAZÔNIA,756463.992218
RESERVA EXTRATIVISTA DO CIRIACO,Uso Sustentável,GR2,0000.00.1519,"DEC S/N, de 17/06/2010",MA,AMAZÔNIA,AMAZÔNIA,8106.63063657
RESERVA EXTRATIVISTA DO EXTREMO NORTE DO ESTADO DO TOCANTINS,Uso Sustentável,GR2,0000.00.0240,"DEC 535, de 20/05/1992",TO,AMAZÔNIA,CERRADO,9070.60313764
RESERVA EXTRATIVISTA DO LAGO DO CAPANÃ GRANDE,Uso Sustentável,GR1,0000.00.0242,"DEC S/N, de  03/06/2004",AM,AMAZÔNIA,AMAZÔNIA,305080.980973
RESERVA EXTRATIVISTA DO LAGO DO CUNIÃ,Uso Sustentável,GR1,0000.00.0233,"DEC 3.238, de 10/11/1999 ; DEC 9.638, de 26/12/2018 e Lei 15.039 de 09/12/2024 (reapresentou memorial descritivo anterior)",RO,AMAZÔNIA,AMAZÔNIA,76411.7057833
RESERVA EXTRATIVISTA DO MANDIRA,Uso Sustentável,GR4,0000.00.0234,"DEC S/N, de 13/12/2002",SP,MATA ATLÂNTICA,MATA ATLÂNTICA,1177.81099776
RESERVA EXTRATIVISTA DO MÉDIO JURUÁ,Uso Sustentável,GR1,0000.00.0235,"DEC S/N, de 04/03/1997 ; DEC S/N, de 13/10/2014",AM,AMAZÔNIA,AMAZÔNIA,286954.806847
RESERVA EXTRATIVISTA DO MÉDIO PURÁS,Uso Sustentável,GR1,0000.00.1606,"DEC S/N, de 08/05/2008",AM,AMAZÔNIA,AMAZÔNIA,600555.102964
RESERVA EXTRATIVISTA DO QUILOMBO FLEXAL,Uso Sustentável,GR1,0000.00.1520,"DEC 536, de 20/05/1992",MA,AMAZÔNIA,AMAZÔNIA,9338.45122576
RESERVA EXTRATIVISTA DO RIO CAJARI,Uso Sustentável,GR1,0000.00.1518,"DEC 99.145, de 12/03/1990",AP,AMAZÔNIA,AMAZÔNIA,532404.510513
RESERVA EXTRATIVISTA DO RIO DO CAUTÁRIO,Uso Sustentável,GR1,0000.00.0238,"DEC S/N, de 07/08/2001",RO,AMAZÔNIA,AMAZÔNIA,75125.4961708
RESERVA EXTRATIVISTA DO RIO JUTAÍ,Uso Sustentável,GR1,0000.00.0239,"DEC S/N, de 16/07/2002",AM,AMAZÔNIA,AMAZÔNIA,275515.8233
RESERVA EXTRATIVISTA DO RIO OURO PRETO,Uso Sustentável,GR1,0000.00.0256,"DEC 99.166, de 13/03/1990 e Lei 15.039/24",RO,AMAZÔNIA,AMAZÔNIA,183987.446002
RESERVA EXTRATIVISTA FILHOS DO MANGUE,Uso Sustentável,GR1,0000.00.4777,DEC 11.959 de 24/03/2024,PA,AMAZÔNIA,AMAZÔNIA,40538.72427
RESERVA EXTRATIVISTA GURUPÁ-MELGAÇO,Uso Sustentável,GR1,0000.00.0288,"DEC S/N, de 30/11/2006",PA,AMAZÔNIA,AMAZÔNIA,145574.10829
RESERVA EXTRATIVISTA IPAÁ-ANILZINHO,Uso Sustentável,GR1,0000.00.0241,"DEC S/N, de 14/06/2005",PA,AMAZÔNIA,AMAZÔNIA,55835.0121251
RESERVA EXTRATIVISTA ITAPETININGA,Uso Sustentável,GR1,0000.00.3651,DEC 9.333 de 05/04/2018,MA,SISTEMA COSTEIRO-MARINHO,SISTEMA COSTEIRO-MARINHO,16294.1744319
RESERVA EXTRATIVISTA ITUXÍ,Uso Sustentável,GR1,0000.00.1628,"DEC S/N, de 05/06/2008",AM,AMAZÔNIA,AMAZÔNIA,777387.02189
RESERVA EXTRATIVISTA LAGO DO CEDRO,Uso Sustentável,GR3,0000.00.0287,"DEC S/N,de 11/09/2006",GO,CERRADO,CERRADO,17178.050662
RESERVA EXTRATIVISTA MÃE GRANDE DE CURUÇÁ,Uso Sustentável,GR1,0000.00.0243,"DEC S/N, de 13/12/2002",PA,AMAZÔNIA,AMAZÔNIA,36678.7809665
RESERVA EXTRATIVISTA MAPUÁ,Uso Sustentável,GR1,0000.00.0244,"DEC S/N, de 20/05/2005",PA,AMAZÔNIA,AMAZÔNIA,93747.6607366
RESERVA EXTRATIVISTA MARACANÃ,Uso Sustentável,GR1,0000.00.0227,"DEC S/N, de 13/12/2002",PA,AMAZÔNIA,AMAZÔNIA,30179.6451932
RESERVA EXTRATIVISTA MARINHA CUINARANA,Uso Sustentável,GR1,0000.00.3134,"DEC S/N, de 10/10/2014",PA,AMAZÔNIA,AMAZÔNIA,11036.4109337
RESERVA EXTRATIVISTA MARINHA DA BAIA DO IGUAPE,Uso Sustentável,GR2,0000.00.0245,"DEC S/N, de 11/08/2000; LEI 12.058, de 13/10/2009",BA,MATA ATLÂNTICA,MATA ATLÂNTICA e SISTEMA COSTEIRO-MARINHO,10082.5909932
RESERVA EXTRATIVISTA MARINHA DA LAGOA DO JEQUIÁ,Uso Sustentável,GR2,0000.00.0246,"DEC S/N, de 27/09/2001",AL,MATA ATLÂNTICA,MATA ATLÂNTICA,10183.420342
RESERVA EXTRATIVISTA MARINHA DE ARAÍ-PEROBA,Uso Sustentável,GR1,0000.00.0247,"DEC S/N, de 20/05/2005; DEC S/N, de 10/10/2014",PA,AMAZÔNIA,AMAZÔNIA e SISTEMA COSTEIRO-MARINHO,62578.1155665
RESERVA EXTRATIVISTA MARINHA DE CAETÉ-TAPERAÇU,Uso Sustentável,GR1,0000.00.0248,"DEC S/N, de 20/05/2005",PA,AMAZÔNIA,AMAZÔNIA,42456.4019519
RESERVA EXTRATIVISTA MARINHA DE GURUPI-PIRIÁ,Uso Sustentável,GR1,0000.00.0249,"DEC S/N, de 20/05/2005",PA,AMAZÔNIA,AMAZÔNIA,72789.9284198
RESERVA EXTRATIVISTA MARINHA DE SOURE,Uso Sustentável,GR1,0000.00.0254,DEC de 22/11/2001,PA,AMAZÔNIA,AMAZÔNIA,29578.7958681
RESERVA EXTRATIVISTA MARINHA DE TRACUATEUA,Uso Sustentável,GR1,0000.00.0250,"DEC S/N, de 20/05/2005",PA,AMAZÔNIA,AMAZÔNIA,27864.5015639
RESERVA EXTRATIVISTA MARINHA DO ARRAIAL DO CABO,Uso Sustentável,GR4,0000.00.0251,"DEC S/N, de 03/01/1997",RJ,MATA ATLÂNTICA,MATA ATLÂNTICA,51849.1960014
RESERVA EXTRATIVISTA MARINHA DO CORUMBAU,Uso Sustentável,GR2,0000.00.0252,"DEC S/N, de 21/09/2000",BA,SISTEMA COSTEIRO-MARINHO,SISTEMA COSTEIRO-MARINHO,89996.7624471
RESERVA EXTRATIVISTA MARINHA DO DELTA DO PARNAÍBA,Uso Sustentável,GR2,0000.00.0225,"DEC S/N, de 16/11/2000",MA/PI,CERRADO,CERRADO e SISTEMA COSTEIRO-MARINHO,27022.0734188
RESERVA EXTRATIVISTA MARINHA DO PIRAJUBAÉ,Uso Sustentável,GR5,0000.00.0255,"DEC 533, de 20/05/1992",SC,MATA ATLÂNTICA,MATA ATLÂNTICA e SISTEMA COSTEIRO-MARINHO,1686.86614251
RESERVA EXTRATIVISTA MARINHA MESTRE LUCINDO,Uso Sustentável,GR1,0000.00.3133,"DEC S/N, de 10/10/2014",PA,AMAZÔNIA,AMAZÔNIA e SISTEMA COSTEIRO-MARINHO,26464.8785437
RESERVA EXTRATIVISTA MARINHA MOCAPAJUBA,Uso Sustentável,GR1,0000.00.3132,"DEC S/N, de 10/10/2014",PA,AMAZÔNIA,AMAZÔNIA,21027.7966867
RESERVA EXTRATIVISTA MATA GRANDE,Uso Sustentável,GR2,0000.00.0226,"DEC 532, de 20/05/1992",MA,CERRADO,AMAZÔNIA Port 96 MMA,11431.6616435
RESERVA EXTRATIVISTA PRAINHA DO CANTO VERDE,Uso Sustentável,GR2,0000.00.1809,"DEC S/N, de 05/06/2009",CE,SISTEMA COSTEIRO-MARINHO,SISTEMA COSTEIRO-MARINHO,29805.4819365
RESERVA EXTRATIVISTA RENASCER,Uso Sustentável,GR1,0000.00.1810,"DEC S/N, de 05/06/2009",PA,AMAZÔNIA,AMAZÔNIA,209667.373723
RESERVA EXTRATIVISTA RIO IRIRI,Uso Sustentável,GR1,0000.00.0280,"DEC S/N, de 05/06/2006",PA,AMAZÔNIA,AMAZÔNIA,398997.612194
RESERVA EXTRATIVISTA RIO UNINI,Uso Sustentável,GR1,0000.00.0283,"DEC S/N, de 21/06/2006",AM,AMAZÔNIA,AMAZÔNIA,849693.349782
RESERVA EXTRATIVISTA RIO XINGU,Uso Sustentável,GR1,0000.00.1635,"DEC S/N, de 05/06/2008",PA,AMAZÔNIA,AMAZÔNIA,303004.703452
RESERVA EXTRATIVISTA RIOZINHO DA LIBERDADE,Uso Sustentável,GR1,0000.00.0257,"DEC S/N, de 17/02/2005",AC/AM,AMAZÔNIA,AMAZÔNIA,324905.932355
RESERVA EXTRATIVISTA RIOZINHO DO ANFRÍSIO,Uso Sustentável,GR1,0000.00.0258,"DEC S/N, de 08/11/2004",PA,AMAZÔNIA,AMAZÔNIA,737088.86793
RESERVA EXTRATIVISTA TAPAJÓS-ARAPIUNS,Uso Sustentável,GR1,0000.00.0259,"DEC S/N, de 06/11/1998",PA,AMAZÔNIA,AMAZÔNIA,677521.473574
RESERVA EXTRATIVISTA TERRA GRANDE-PRACUÚBA,Uso Sustentável,GR1,0000.00.0282,"DEC S/N, de 05/06/2006",PA,AMAZÔNIA,AMAZÔNIA,194870.377437
RESERVA EXTRATIVISTA VERDE PARA SEMPRE,Uso Sustentável,GR1,0000.00.0260,"DEC S/N, de 08/11/2004",PA,AMAZÔNIA,AMAZÔNIA,1289379.74235
RESERVA EXTRATIVISTA VIRIANDEUA,Uso Sustentável,GR1,0000.00.4780,DEC 11.958 de 21/03/2024,PA,AMAZÔNIA,AMAZÔNIA,34169.2616
