"Área de Proteção Ambiental","E-mail","Telefone","Endereço da Sede","Município","Documentos Legais","Atualização","Correspondência CNUC","nome_uc","Nome.da.UC","Área de Proteção Ambiental Marinha","Área de Relevante Interesse Ecológico","Estação Ecológica","Estação Experimental","Floresta Estadual","Monumento Natural Estadual","Parque Estadual","Endereço da sede","Reserva de Desenvolvimento Sustentável","Reserva Extrativista","Nº","RPPN","MUNICÍPIO","RESOLUÇÃO DE CRIAÇÃO","ÁREA EM HECTARES","APROVAÇÃO PLANO DE MANEJO","Refúgio da Vida Silvestre"
"Banhado","nchorn@fflorestal.sp.gov.br","11 2997-5076","Região Central de São José dos Campos e adjacências – bairro Registro","São José dos Campos","Lei nº 11.262, de 08 de novembro de 2002","26/09/2024","ok","Área de Proteção Ambiental Banhado","ÁREA DE PROTEÇÃO AMBIENTAL BANHADO",NA,NA,NA,NA,NA,NA,NA,NA,NA,NA,NA,NA,NA,NA,NA,NA,NA
"Cabreúva","pedro.oliva@fflorestal.sp.gov.br","11 2997-5000 R312","Av. Professor Frederico Hermann Jr., 345 – prédio 12 – 1° andar – Alto de Pinheiros – CEP 05459-010","São Paulo","Decreto n. 43.284, de 3 de julho de 1998
 Lei Estadual Nº 4.023
 Lei nº 12.289, de 02 de março de 2006
 Resolução SIMA","29/02/2024","ok","Área de Proteção Ambiental Cabreúva","ÁREA DE PROTEÇÃO AMBIENTAL CABREÚVA",NA,NA,NA,NA,NA,NA,NA,NA,NA,NA,NA,NA,NA,NA,NA,NA,NA
"Cajamar","cleide@fflorestal.sp.gov.br","11 998687276","Av. Brasil 2340, ED. CATI n.1 Bloco A- Jd","Campinas","Lei Estadual Nº 4.055","26/03/2024","ok","Área de Proteção Ambiental Cajamar","ÁREA DE PROTEÇÃO AMBIENTAL CAJAMAR",NA,NA,NA,NA,NA,NA,NA,NA,NA,NA,NA,NA,NA,NA,NA,NA,NA
"Cajati","domingosoliveira@fflorestal.sp.gov.br","13 3821-4494 / 13 3821-5030","Av. Clara Geanotti de Souza, n° 1.139 – CEP 11900-000","Registro","Lei Estadual nº 12.810","10/04/2024","ok","Área de Proteção Ambiental Cajati","ÁREA DE PROTEÇÃO AMBIENTAL CAJATI",NA,NA,NA,NA,NA,NA,NA,NA,NA,NA,NA,NA,NA,NA,NA,NA,NA
"Campos do Jordão","apascj.sm@fflorestal.sp.gov.br","12 36631977","V. Pedro Paulo, s/nº – Horto Florestal – CEP 12460-000","Campos do Jordão","Lei Estadual nº 4.105","10/04/2024","ok","Área de Proteção Ambiental Campos do Jordão","ÁREA DE PROTEÇÃO AMBIENTAL CAMPOS DO JORDÃO",NA,NA,NA,NA,NA,NA,NA,NA,NA,NA,NA,NA,NA,NA,NA,NA,NA
"Corumbataí-Botucatu-Tejupá","apacorumbatai@fflorestal.sp.gov.br","16 99629-8575","Rua Bernardino Fernandes Nunes, 555 – Cidade Jardim – CEP 13566-490","São Carlos","Decreto Estadual nº20.960","10/04/2024","nao. talvez as 3 APAs com nome de cuesta?","Área de Proteção Ambiental Corumbataí-Botucatu-Tejupá","ÁREA DE PROTEÇÃO AMBIENTAL CORUMBATAÍ-BOTUCATU-TEJUPÁ",NA,NA,NA,NA,NA,NA,NA,NA,NA,NA,NA,NA,NA,NA,NA,NA,NA
"Corumbataí-Botucatu-Tejupá – Perímetro Botucatú","mariosr@fflorestal.sp.gov.br","14 99747-1136","Rodovia Marechal Rondon, km 248 – Jardim Marajoar CEP: 18605-265","Botucatu","Decreto Estadual nº20.960","27/03/2024","não","Área de Proteção Ambiental Corumbataí-Botucatu-Tejupá – Perímetro Botucatú","ÁREA DE PROTEÇÃO AMBIENTAL CORUMBATAÍ-BOTUCATU-TEJUPÁ – PERÍMETRO BOTUCATÚ",NA,NA,NA,NA,NA,NA,NA,NA,NA,NA,NA,NA,NA,NA,NA,NA,NA
"Corumbataí-Botucatu-Tejupá – Perímetro Corumbataí","apacorumbatai@fflorestal.sp.gov.br","19 3438-7116","Rodovia Luiz de Queiroz, km 149, SP 304 Bairro: Tupi CEP: 13428-000","Piracicaba","Decreto Estadual nº20.960","27/03/2024","não","Área de Proteção Ambiental Corumbataí-Botucatu-Tejupá – Perímetro Corumbataí","ÁREA DE PROTEÇÃO AMBIENTAL CORUMBATAÍ-BOTUCATU-TEJUPÁ – PERÍMETRO CORUMBATAÍ",NA,NA,NA,NA,NA,NA,NA,NA,NA,NA,NA,NA,NA,NA,NA,NA,NA
"Corumbataí-Botucatu-Tejupá – Perímetro Tejupá","elisa@fflorestal.sp.gov.br","14 3814-1144","Rua Cardoso de Almeida, 2.839 – Botucatu – CEP 18605-560","Botucatu","Decreto Estadual nº20.960","10/04/2024","não","Área de Proteção Ambiental Corumbataí-Botucatu-Tejupá – Perímetro Tejupá","ÁREA DE PROTEÇÃO AMBIENTAL CORUMBATAÍ-BOTUCATU-TEJUPÁ – PERÍMETRO TEJUPÁ",NA,NA,NA,NA,NA,NA,NA,NA,NA,NA,NA,NA,NA,NA,NA,NA,NA
"Rio Vermelho e Pardinho","domingosoliveira@fflorestal.sp.gov.br","13 38214494 / 13 38215030","Av. Clara Geanotti de Souza, n° 1.139 – CEP 11900-000","Registro","Lei Estadual nº 12.810","10/04/2024","não","Área de Proteção Ambiental Rio Vermelho e Pardinho","ÁREA DE PROTEÇÃO AMBIENTAL RIO VERMELHO E PARDINHO",NA,NA,NA,NA,NA,NA,NA,NA,NA,NA,NA,NA,NA,NA,NA,NA,NA
"Haras São Bernardo","alephbp@fflorestal.sp.gov.br","11 2997-5000 R351","Av. Professor Frederico Hermann Jr., 345 – prédio 12 – 1° andar – Alto de Pinheiros- CEP 05459-010","São Paulo","Lei Estadual nº5.745","10/04/2024","ok","Área de Proteção Ambiental Haras São Bernardo","ÁREA DE PROTEÇÃO AMBIENTAL HARAS SÃO BERNARDO",NA,NA,NA,NA,NA,NA,NA,NA,NA,NA,NA,NA,NA,NA,NA,NA,NA
"Ibitinga","pamelatg@fflorestal.sp.gov.br","16 997206296","16 997206296Roque Raineri, 81 – Jd. Centenário – Sala Cedida pela FAIBI, CEP 14940-000","Ibitinga","Lei Estadual Nº 5.536","05/04/2024","ok","Área de Proteção Ambiental Ibitinga","ÁREA DE PROTEÇÃO AMBIENTAL IBITINGA",NA,NA,NA,NA,NA,NA,NA,NA,NA,NA,NA,NA,NA,NA,NA,NA,NA
"Ilha Comprida","apailhacomprida@fflorestal.sp.gov.br","13 3841-1287","Praça São Benedito, 110 – Centro – Cep: 11920-000","Iguape","Decreto Estadual nº26.881
 Plano de Manejo
 Minuta Zoneamento da Área de Proteção Ambiental Ilha Comprida
 Lista de espécies
 Mapa","01/03/2024","ok","Área de Proteção Ambiental Ilha Comprida","ÁREA DE PROTEÇÃO AMBIENTAL ILHA COMPRIDA",NA,NA,NA,NA,NA,NA,NA,NA,NA,NA,NA,NA,NA,NA,NA,NA,NA
"Itupararanga","waldnirgm@fflorestal.sp.gov.br","15 3233-8464
 11 912708693","R. Epitácio Pessoa, 269 – Além Ponte CEP – 18013-190","Sorocaba","–","05/04/2024","ok","Área de Proteção Ambiental Itupararanga","ÁREA DE PROTEÇÃO AMBIENTAL ITUPARARANGA",NA,NA,NA,NA,NA,NA,NA,NA,NA,NA,NA,NA,NA,NA,NA,NA,NA
"Jundiaí","cleide@fflorestal.sp.gov.br","11 998687276","Av. Brasil 2340, ED. CATI n.1 Bloco A- Jd","Campinas","Lei Estadual nº4.095","26/03/2024","ok","Área de Proteção Ambiental Jundiaí","ÁREA DE PROTEÇÃO AMBIENTAL JUNDIAÍ",NA,NA,NA,NA,NA,NA,NA,NA,NA,NA,NA,NA,NA,NA,NA,NA,NA
"Mata do Iguatemi","gustavoalexandre@fflorestal.sp.gov.br","11 2997-5007 R5311","Av. Professor Frederico Hermann Jr., 345 – prédio 12 – 1° andar – Alto de Pinheiros – CEP 05459-010","São Paulo","Lei Estadual Nº 8.284","27/03/2024","ok","Área de Proteção Ambiental Mata do Iguatemi","ÁREA DE PROTEÇÃO AMBIENTAL MATA DO IGUATEMI",NA,NA,NA,NA,NA,NA,NA,NA,NA,NA,NA,NA,NA,NA,NA,NA,NA
"Morro de São Bento","ec.ribpreto@fflorestal.sp.gov.br","11 1193750-8503 / 
 16 3637-1939","Rod. Prefeito Antônio Duarte Nogueira, km 317 – CEP 14031-800, Jardim Progresso","Ribeirão Preto","Lei Estadual nº 6.131","11/04/2024","ok","Área de Proteção Ambiental Morro de São Bento","ÁREA DE PROTEÇÃO AMBIENTAL MORRO DE SÃO BENTO",NA,NA,NA,NA,NA,NA,NA,NA,NA,NA,NA,NA,NA,NA,NA,NA,NA
"Parque e Fazenda do Carmo","gustavoalexandre@fflorestal.sp.gov.br","11 2997-5007 R311 / 11 2748-7100","Av. Professor Frederico Hermann Jr., 345 – prédio 12 – 1° andar – Alto de Pinheiros – CEP 05459-010","São Paulo","Decreto Estadual nº 37.678","27/03/2024","ok","Área de Proteção Ambiental Parque e Fazenda do Carmo","ÁREA DE PROTEÇÃO AMBIENTAL PARQUE E FAZENDA DO CARMO",NA,NA,NA,NA,NA,NA,NA,NA,NA,NA,NA,NA,NA,NA,NA,NA,NA
"Piracicaba / Juquerí-Mirim ÁREA-I","apacorumbatai@fflorestal.sp.gov.br","19 3438-7116","Rodovia Luiz de Queiroz, km 149, SP 304 Bairro: Tupi CEP: 13428-000","Piracicaba","Decreto Estadual n° 20.960","27/03/2024","nome cnuc: APA PIRACICABA JUQUERI MIRIM ÁREA I","Área de Proteção Ambiental Piracicaba / Juquerí-Mirim ÁREA-I","ÁREA DE PROTEÇÃO AMBIENTAL PIRACICABA / JUQUERÍ-MIRIM ÁREA-I",NA,NA,NA,NA,NA,NA,NA,NA,NA,NA,NA,NA,NA,NA,NA,NA,NA
"Piracicaba / Juquerí-Mirim ÁREA-II","jfernandov@fflorestal.sp.gov.br","–","Av. Brasil n. 2340 – Edifício Cati, n 1 Bloco A – Andar térreo, Face norte – Jd. Chapadão – CEP 13070-178","Campinas","Decreto nº 26.882, de 11 de março de 1987
 Lei nº 7.438, de 16 de setembro de 1991","18/03/2024","nome cnuc: APA PIRACICABA JUQUERI MIRIM ÁREA II","Área de Proteção Ambiental Piracicaba / Juquerí-Mirim ÁREA-II","ÁREA DE PROTEÇÃO AMBIENTAL PIRACICABA / JUQUERÍ-MIRIM ÁREA-II",NA,NA,NA,NA,NA,NA,NA,NA,NA,NA,NA,NA,NA,NA,NA,NA,NA
"Planalto Turvo","domingosoliveira@fflorestal.sp.gov.br","13 38214494 / 13 38215030","Av. Clara Geanotti de Souza, n° 1.139 – CEP 11900-000","Registro","Lei Estadual nº 12.810","10/04/2024","não","Área de Proteção Ambiental Planalto Turvo","ÁREA DE PROTEÇÃO AMBIENTAL PLANALTO TURVO",NA,NA,NA,NA,NA,NA,NA,NA,NA,NA,NA,NA,NA,NA,NA,NA,NA
"Quilombos do Médio Ribeira","apa.quilombos@fflorestal.sp.gov.br","13 3871-1242","Avenida Marechal Castelo Branco, Nº 773, ao lado do PIT – Posto de Informações Turísticas – CEP 11960-000","Eldorado","Lei Estadual nº 12.810","10/04/2024","ok","Área de Proteção Ambiental Quilombos do Médio Ribeira","ÁREA DE PROTEÇÃO AMBIENTAL QUILOMBOS DO MÉDIO RIBEIRA",NA,NA,NA,NA,NA,NA,NA,NA,NA,NA,NA,NA,NA,NA,NA,NA,NA
"Represa Bairro da Usina","jgabrielcara@fflorestal.sp.gov.br","11 2997-5007 R311 / 11 2748-7100","Av. Brasil n. 2340 – Edifício Cati, n 1 Bloco A – Andar térreo, Face norte – Jd. Chapadão – CEP 13070-178","Campinas","Lei Estadual Nº 5.280, de 04 de setembro de 1986
 Decreto nº 65.245, de 14 de outubro de 2020
 Plano de Manejo","18/03/2023","ok","Área de Proteção Ambiental Represa Bairro da Usina","ÁREA DE PROTEÇÃO AMBIENTAL REPRESA BAIRRO DA USINA",NA,NA,NA,NA,NA,NA,NA,NA,NA,NA,NA,NA,NA,NA,NA,NA,NA
"Bacia Hidrográfica do Rio Batalha","mariosr@fflorestal.sp.gov.br","14 3814-1494","Regional Botucatu – Rua Lourenço Carmelo, nº 180 – Jd. Paraiso – CEP 18610-265","Botucatu","Lei Estadual Nº 10.773","10/04/2024","nome cnuc: APA Rio Batalha","Área de Proteção Ambiental Bacia Hidrográfica do Rio Batalha","ÁREA DE PROTEÇÃO AMBIENTAL BACIA HIDROGRÁFICA DO RIO BATALHA",NA,NA,NA,NA,NA,NA,NA,NA,NA,NA,NA,NA,NA,NA,NA,NA,NA
"São Francisco Xavier","apa.franciscoxavier@fflorestal.sp.gov.br","12 39261790","Rua 15 de novembro, nº 1051 Distrito de São Francisco Xavier – CEP 12249-000","São José dos Campos","Plano de Manejo","10/04/2024","ok","Área de Proteção Ambiental São Francisco Xavier","ÁREA DE PROTEÇÃO AMBIENTAL SÃO FRANCISCO XAVIER",NA,NA,NA,NA,NA,NA,NA,NA,NA,NA,NA,NA,NA,NA,NA,NA,NA
"Sapucaí Mirim","apascj.sm@fflorestal.sp.gov.br","13 99671 – 4503","AV. Pedro Paulo, s/nº, Horto Florestal – CEP 12460-000","Campos do Jordão","Decreto Estadual Nº 43.285","10/04/2024","ok","Área de Proteção Ambiental Sapucaí Mirim","ÁREA DE PROTEÇÃO AMBIENTAL SAPUCAÍ MIRIM",NA,NA,NA,NA,NA,NA,NA,NA,NA,NA,NA,NA,NA,NA,NA,NA,NA
"Serra do Itapeti","lmanzatti@fflorestal.sp.gov.br
 serraitapeti@fflorestal.sp.gov.br","11 99771-4314","–","–","–","05/-4/2024","ok","Área de Proteção Ambiental Serra do Itapeti","ÁREA DE PROTEÇÃO AMBIENTAL SERRA DO ITAPETI",NA,NA,NA,NA,NA,NA,NA,NA,NA,NA,NA,NA,NA,NA,NA,NA,NA
"Serra do Mar","apa.seeradomar@fflorestal.sp.gov.br","13 996432793
 13 21304123","Av. Wild José de Souza, 456 – Vila Tupy – CEP: 11900-000","Registro","Decreto Estadual nº 22.717","05/04/2024","ok","Área de Proteção Ambiental Serra do Mar","ÁREA DE PROTEÇÃO AMBIENTAL SERRA DO MAR",NA,NA,NA,NA,NA,NA,NA,NA,NA,NA,NA,NA,NA,NA,NA,NA,NA
"Serra do Mar – Núcleo Itariru","pesm.itariru@fflorestal.sp.gov.br","13 34192792","Estrada do Caracol, 410 – Bairro Caracol – CEP: 11790-000","Pedro de Toledo","–","01/03/2024","parte da APA Serra do Mar?","Área de Proteção Ambiental Serra do Mar – Núcleo Itariru","ÁREA DE PROTEÇÃO AMBIENTAL SERRA DO MAR – NÚCLEO ITARIRU",NA,NA,NA,NA,NA,NA,NA,NA,NA,NA,NA,NA,NA,NA,NA,NA,NA
"Silveiras","izza@fflorestal.sp.gov.br","12-996039272","AV. Pedro Paulo, s/nº – Horto Florestal – CEP 12460-000","Campos do Jordão","Lei Estadual nº 4.100","10/04/2024","ok","Área de Proteção Ambiental Silveiras","ÁREA DE PROTEÇÃO AMBIENTAL SILVEIRAS",NA,NA,NA,NA,NA,NA,NA,NA,NA,NA,NA,NA,NA,NA,NA,NA,NA
"Sistema Cantareira","jfernandov@fflorestal.sp.gov.br","–","Av. Brasil, 2340 – Edifício CATI, n°1/Bloco A, Face Norte, Jardim Chapadão – CEP 13070-178","Campinas","Lei Estadual Nº 10.111 de 04 de dezembro de 1998
 Plano de manejo","18/03/2024","ok","Área de Proteção Ambiental Sistema Cantareira","ÁREA DE PROTEÇÃO AMBIENTAL SISTEMA CANTAREIRA",NA,NA,NA,NA,NA,NA,NA,NA,NA,NA,NA,NA,NA,NA,NA,NA,NA
"Tanquã-Rio Piracicaba","antoniob@fflorestal.sp.gov.br","11 91723-3044","Av Prof. Frederico Hermann Jr, 325
 Alto de Pinheiros, São Paulo – SP
 05459-010","Anhembi, Botucatu, Dois Córregos, Piracicaba, Santa Maria da Serra e São Pedro","Resolução Nº 138","27/03/2024","ok","Área de Proteção Ambiental Tanquã-Rio Piracicaba","ÁREA DE PROTEÇÃO AMBIENTAL TANQUÃ-RIO PIRACICABA",NA,NA,NA,NA,NA,NA,NA,NA,NA,NA,NA,NA,NA,NA,NA,NA,NA
"Tiete-Jumirim","waldnirgm@fflorestal.sp.gov.br","15 32338464","R. Epitácio Pessoa, 269 – Além Ponte
 CEP 18013-190","Sorocaba","Decreto Estadual Nº 20.959","05/04/2024","APA TIETÊ?","Área de Proteção Ambiental Tiete-Jumirim","ÁREA DE PROTEÇÃO AMBIENTAL TIETE-JUMIRIM",NA,NA,NA,NA,NA,NA,NA,NA,NA,NA,NA,NA,NA,NA,NA,NA,NA
"Tietê -Jumirim","waldnirgm@fflorestal.sp.gov.br","15 32338464","R. Epitácio Pessoa, 269 – Além Ponte, Sorocaba – SP, Cep 18013-190","Tietê","Decreto nº 64.214, de 06 de maio de 2019
 Plano de manejo
 Mapa","01/03/2024","APA TIETÊ?","Área de Proteção Ambiental Tietê -Jumirim","ÁREA DE PROTEÇÃO AMBIENTAL TIETÊ -JUMIRIM",NA,NA,NA,NA,NA,NA,NA,NA,NA,NA,NA,NA,NA,NA,NA,NA,NA
"Várzea do Tietê","katiabf@fflorestal.sp.gov.br","11 2997-5000 R312","Av. Professor Frederico Hermann Jr., 345 – prédio 12 – 1° andar – Alto de Pinheiros – CEP 05459-010","São Paulo","Resolução Nº 27","10/04/2024","nome cnuc: APA Várzea do Rio Tietê","Área de Proteção Ambiental Várzea do Tietê","ÁREA DE PROTEÇÃO AMBIENTAL VÁRZEA DO TIETÊ",NA,NA,NA,NA,NA,NA,NA,NA,NA,NA,NA,NA,NA,NA,NA,NA,NA
NA,"apamarlitoralnorte@gmail.com
 apamarinhaln@fflorestal.sp.gov.br","12 38324725
 12 38321397","Rua Esteves da Silva, 510 – Centro – CEP 11680-000","Ubatuba","Decreto nº 53.525
 Decreto n° 66.823","26/03/2024","ok","APA Marinha do Litoral Norte","ÁREA DE PROTEÇÃO AMBIENTAL MARINHA DO LITORAL NORTE","APA Marinha do Litoral Norte",NA,NA,NA,NA,NA,NA,NA,NA,NA,NA,NA,NA,NA,NA,NA,NA
NA,"apamarinhalc@fflorestal.sp.gov.br","13 3567-1495","Rua Gonçalo da Costa, 140 – Bairro Centro – CEP 11.250-000","Bertioga","Decreto nº 53.526","26/03/2024","ok","APA Marinha do Litoral Centro","ÁREA DE PROTEÇÃO AMBIENTAL MARINHA DO LITORAL CENTRO","APA Marinha do Litoral Centro",NA,NA,NA,NA,NA,NA,NA,NA,NA,NA,NA,NA,NA,NA,NA,NA
NA,"apamarinhals@fflorestal.sp.gov.br","13 3851-1163 / 3851-1108","Rua Vladimir Besnard, s/n – Morro São João – CEP 04952-100","Cananéia","Decreto nº 53.527","26/03/2024","ok","APA Marinha do Litoral Sul","ÁREA DE PROTEÇÃO AMBIENTAL MARINHA DO LITORAL SUL","APA Marinha do Litoral Sul",NA,NA,NA,NA,NA,NA,NA,NA,NA,NA,NA,NA,NA,NA,NA,NA
NA,"maoliveira@fflorestal.sp.gov.br","13 3841-2026 R2193 
 11 91747-3476","Praça São Benedito, 110 – Centro
 CEP 11.920-000","Iguape","–","05/04/2024","ok","Área de Relevante Interesse Ecológico Guará","ÁREA DE RELEVANTE INTERESSE ECOLÓGICO GUARÁ",NA,"Guará",NA,NA,NA,NA,NA,NA,NA,NA,NA,NA,NA,NA,NA,NA,NA
NA,"nelson.gallo@fflorestal.sp.gov.br","14 99833-0149","Av. Rodrigues Alves, 38-25 – Horto Floresta -CEP 17030-000","Bauru","–","10/05/2024","ok","Área de Relevante Interesse Ecológico Leopoldo Magno Coutinho","ÁREA DE RELEVANTE INTERESSE ECOLÓGICO LEOPOLDO MAGNO COUTINHO",NA,"Leopoldo Magno Coutinho",NA,NA,NA,NA,NA,NA,NA,NA,NA,NA,NA,NA,NA,NA,NA
NA,"nchorn@fflorestal.sp.gov.br","11 2997-5076","Rodovia Floriano Rodrigues Pinheiro KM 11 Rua Oitenta e Sete, bairro Pedra Branca, município Estância Turística de Tremembé","Tremembé","Lei nº 5.864, de 28 de outubro de 1987","04/03/2024","ok","Área de Relevante Interesse Ecológico Pedra Branca","ÁREA DE RELEVANTE INTERESSE ECOLÓGICO PEDRA BRANCA",NA,"Pedra Branca",NA,NA,NA,NA,NA,NA,NA,NA,NA,NA,NA,NA,NA,NA,NA
NA,"danielrs@fflorestal.sp.gov.br","12 3832-1397 / 11 93275-9567","Rua Serra do Mar, 13 – Juquehy – São Sebastião – CEP 11600-000","São Sebastião","Decreto n° 53.525, de 08 de outubro de 2008","26/03/2024","ok","Área de Relevante Interesse Ecológico São Sebastião","ÁREA DE RELEVANTE INTERESSE ECOLÓGICO SÃO SEBASTIÃO",NA,"São Sebastião",NA,NA,NA,NA,NA,NA,NA,NA,NA,NA,NA,NA,NA,NA,NA
NA,"maoliveira@fflorestal.sp.gov.br","13 3841-2026 R2193 
 11 91747-3476","Praça São Benedito, 110 – Centro
 CEP 11.920-000","Iguape","–","05/04/2024","nome cnuc:ARIE ZONA DE VIDA SILVESTRE DA APA DA ILHA COMPRIDA","Área de Relevante Interesse Ecológico ZVS – APA Ilha Comprida","ÁREA DE RELEVANTE INTERESSE ECOLÓGICO ZVS – APA ILHA COMPRIDA",NA,"ZVS – APA Ilha Comprida",NA,NA,NA,NA,NA,NA,NA,NA,NA,NA,NA,NA,NA,NA,NA
NA,"eec.fe.angatuba@fflorestal.sp.gov.br","15 3255-5282","Estada Vicinal João Ciríaco Ramos, km 06 – Bairro da Conquista – CEP: 18240-200","Angatuba","Plano de Manejo
 Shapefile da Unidade","14/03/2024","ok","Estação Ecológica Angatuba","ESTAÇÃO ECOLÓGICA ANGATUBA",NA,NA,"Angatuba",NA,NA,NA,NA,NA,NA,NA,NA,NA,NA,NA,NA,NA,NA
NA,"pamelatg@fflorestal.sp.gov.br","16 3335-0211","Rua Vereador Mário Ananias, s/n – Chácara Flora – CEP: 14805-304","Araraquara","Decreto Lei n°. 34, de 10 de abril de 1969
 Transcrição 91 – 22/05/1937","04/03/2024","não","Estação Ecológica Araraquara","ESTAÇÃO ECOLÓGICA ARARAQUARA",NA,NA,"Araraquara",NA,NA,NA,NA,NA,NA,NA,NA,NA,NA,NA,NA,NA,NA
NA,"marlicardoso@fflorestal.sp.gov.br","14-3732-0290","Rodovia João Melão, km 240 + 400 m, acesso por estrada municipal rural","Avaré/SP","Decreto de Criação
 Shapefile da Unidade
 Plano de Manejo","29/02/2024","ok","Estação Ecológica Avaré","ESTAÇÃO ECOLÓGICA AVARÉ",NA,NA,"Avaré",NA,NA,NA,NA,NA,NA,NA,NA,NA,NA,NA,NA,NA,NA
NA,"ec.bananal@fflorestal.sp.gov.br","12 3116-2008","Rodovia SP 247, km15 mais 10 km pela Estrada do Ariró – CEP 12850-000","Bananal","Plano de Manejo – Concluído","27/02/2024","ok","Estação Ecológica Bananal","ESTAÇÃO ECOLÓGICA BANANAL",NA,NA,"Bananal",NA,NA,NA,NA,NA,NA,NA,NA,NA,NA,NA,NA,NA,NA
NA,"aliriof@fflorestal.sp.gov.br","17 32336404","–","–","Decreto n°68.171
 Lei n°8316","10/05/2024","não","Estação Ecológica Banhados de Iguape","ESTAÇÃO ECOLÓGICA BANHADOS DE IGUAPE",NA,NA,"Banhados de Iguape",NA,NA,NA,NA,NA,NA,NA,NA,NA,NA,NA,NA,NA,NA
NA,"joaomarceloe@yahoo.com.br","–","Estrada Municipal Anhembi – Fazenda Barreiro Rico","Anhembi","Resolução SMA Nº 36","10/05/2024","ok","Estação Ecológica Barreiro Rico","ESTAÇÃO ECOLÓGICA BARREIRO RICO",NA,NA,"Barreiro Rico",NA,NA,NA,NA,NA,NA,NA,NA,NA,NA,NA,NA,NA,NA
NA,"ec.caetetus@fflorestal.sp.gov.br","14 3473-1248","Rodovia SP 331, km 186 – CEP 17450-000","Gália","Plano de Manejo","18/03/2024","ok","Estação Ecológica Caetetus","ESTAÇÃO ECOLÓGICA CAETETUS",NA,NA,"Caetetus",NA,NA,NA,NA,NA,NA,NA,NA,NA,NA,NA,NA,NA,NA
NA,"ec.chauas@fflorestal.sp.gov.br","11 91724-8522","Praça Engenheiro Greenhalg, 110, Centro, Iguape – SP","Iguape","Lista Avifauna","10/05/2024","ok","Estação Ecológica Chauás","ESTAÇÃO ECOLÓGICA CHAUÁS",NA,NA,"Chauás",NA,NA,NA,NA,NA,NA,NA,NA,NA,NA,NA,NA,NA,NA
NA,"antoniob@fflorestal.sp.gov.br","11 91723-3044","Av. Professor Frederico Hermann Junior, 345 – CEP 05459-900","São Paulo","–","27/03/2024","ok","Estação Ecológica Ibicatu","ESTAÇÃO ECOLÓGICA IBICATU",NA,NA,"Ibicatu",NA,NA,NA,NA,NA,NA,NA,NA,NA,NA,NA,NA,NA,NA
NA,"ee.ita@fflorestal.sp.gov.br","15 3562-1132","Rua Chico Menino, 346 – Santa Maria -CEP: 18440-000","Itaberá","–","05/04/2024","ok","Estação Ecológica Itaberá","ESTAÇÃO ECOLÓGICA ITABERÁ",NA,NA,"Itaberá",NA,NA,NA,NA,NA,NA,NA,NA,NA,NA,NA,NA,NA,NA
NA,"ec.itapeti@fflorestal.sp.gov.br","11 4790-5357","Av. Professor Frederico Hermann Jr., 345 – prédio 12 – 1° andar – Alto de Pinheiros – CEP 05459-010","São Paulo","Plano de Manejo concluído","05/04/2024","ok","Estação Ecológica Itapeti","ESTAÇÃO ECOLÓGICA ITAPETI",NA,NA,"Itapeti",NA,NA,NA,NA,NA,NA,NA,NA,NA,NA,NA,NA,NA,NA
NA,"ee.ita@fflorestal.sp.gov.br","15 3562-1132","SP 258 / KM 312 + 500 metros – CEP 18440-000","Itapeva",NA,"05/04/2024","ok","Estação Ecológica Itapeva","ESTAÇÃO ECOLÓGICA ITAPEVA",NA,NA,"Itapeva",NA,NA,NA,NA,NA,NA,NA,NA,NA,NA,NA,NA,NA,NA
NA,"eeitirapina@fflorestal.sp.gov.br","11 94327-3884 | 19 3575-3326","Rua Oito, s/n, Vila Santa Cruz – CEP 13530-000","Itirapina","Plano de Manejo concluído
 Decreto nº 22.335, de 07/06/1984","17/02/2025","ok","Estação Ecológica Itirapina","ESTAÇÃO ECOLÓGICA ITIRAPINA",NA,NA,"Itirapina",NA,NA,NA,NA,NA,NA,NA,NA,NA,NA,NA,NA,NA,NA
NA,"ec.jatai@fflorestal.sp.gov.br","16 3983-1224","Estrada da Fazenda Jataí, s/nº – CEP 14210-000","–","Plano de Manejo concluído","05/04/2024","ok","Estação Ecológica Jataí","ESTAÇÃO ECOLÓGICA JATAÍ",NA,NA,"Jataí",NA,NA,NA,NA,NA,NA,NA,NA,NA,NA,NA,NA,NA,NA
NA,"ec.jureiaitatins@fflorestal.sp.gov.br","13 3457-9243","Estrada do Guaraú, nº 4.164 – CEP 11750-000","Peruíbe","Decreto estadual nº 24.646","08/04/2024","nome cnuc: ESTAÇÃO ECOLÓGICA JURÉIA-ITATINS","Estação Ecológica Juréia-Itatins","ESTAÇÃO ECOLÓGICA JURÉIA-ITATINS",NA,NA,"Juréia-Itatins",NA,NA,NA,NA,NA,NA,NA,NA,NA,NA,NA,NA,NA,NA
NA,"ec.jureiaitatins@fflorestal.sp.gov.br","13 3457-9243","Estrada do Guaraú, nº 4.164 – CEP 11750-000","Peruíbe","Decreto estadual nº 24.646","08/04/2024","parte de ESTAÇÃO ECOLÓGICA JURÉIA-ITATINS?","Estação Ecológica Juréia-Itatins – Núcleo Grajauna","ESTAÇÃO ECOLÓGICA JURÉIA-ITATINS – NÚCLEO GRAJAUNA",NA,NA,"Juréia-Itatins – Núcleo Grajauna",NA,NA,NA,NA,NA,NA,NA,NA,NA,NA,NA,NA,NA,NA
NA,"ec.jureiaitatins@fflorestal.sp.gov.br","13 3457-9243","Estrada do Guaraú, nº 4.164 – CEP 11750-000","Peruíbe","Decreto estadual nº 24.646","08/04/2024","parte de ESTAÇÃO ECOLÓGICA JURÉIA-ITATINS?","Estação Ecológica Juréia-Itatins – Núcleo Perequê","ESTAÇÃO ECOLÓGICA JURÉIA-ITATINS – NÚCLEO PEREQUÊ",NA,NA,"Juréia-Itatins – Núcleo Perequê",NA,NA,NA,NA,NA,NA,NA,NA,NA,NA,NA,NA,NA,NA
NA,"ec.jureiaitatins@fflorestal.sp.gov.br","13 3457-9243","Estrada do Guaraú, nº 4.164 – CEP 11750-000","Peruíbe","Decreto estadual nº 24.646","08/04/2024","parte de ESTAÇÃO ECOLÓGICA JURÉIA-ITATINS?","Estação Ecológica Juréia-Itatins – Núcleo Rio Verde","ESTAÇÃO ECOLÓGICA JURÉIA-ITATINS – NÚCLEO RIO VERDE",NA,NA,"Juréia-Itatins – Núcleo Rio Verde",NA,NA,NA,NA,NA,NA,NA,NA,NA,NA,NA,NA,NA,NA
NA,"srodella@fflorestal.sp.gov.br","19 3438-7116 / 17 991890467","Rodovia Luiz de Queiroz, km 149, SP 304 Bairro: Tupi CEP: 13428-000","Piracicaba","–","27/03/2024","ok","Estação Ecológica Mata do Jacaré","ESTAÇÃO ECOLÓGICA MATA DO JACARÉ",NA,NA,"Mata do Jacaré",NA,NA,NA,NA,NA,NA,NA,NA,NA,NA,NA,NA,NA,NA
NA,"fe.noroeste@fflorestal.sp.gov.br","17 3221-2200","Rua Cristóvão Colombo, 2265 – Jardim Nazareth – CEP: 15054000","São José do Rio Preto","Decreto nº 68.173,
 de 9 de dezembro de 2023","18/03/2024","ok","Estação Ecológica Noroeste Paulista","ESTAÇÃO ECOLÓGICA NOROESTE PAULISTA",NA,NA,"Noroeste Paulista",NA,NA,NA,NA,NA,NA,NA,NA,NA,NA,NA,NA,NA,NA
NA,"ec.pfaria@fflorestal.sp.gov.br","17 99738-9495","Rodovia Waldemar Lopes Ferraz, km 554-555 da SP 322 – sentido municipio de Riolândia – CEP 15490-000","Paulo de Faria","Decreto n. 17.724, de 23 de setembro de 1981
 Plano de Manejo","18/03/2024","ok","Estação Ecológica Paulo de Faria","ESTAÇÃO ECOLÓGICA PAULO DE FARIA",NA,NA,"Paulo de Faria",NA,NA,NA,NA,NA,NA,NA,NA,NA,NA,NA,NA,NA,NA
NA,"diretoriageral@if.sp.gov.br","14 3732-0290","Estrada Vicinal Paranapanema-Buri, km 7 – Santa Helena – CEP: 18720-000","Paranapanema","Plano de Manejo","14/03/2024","ok","Estação Ecológica Paranapanema","ESTAÇÃO ECOLÓGICA PARANAPANEMA",NA,NA,"Paranapanema",NA,NA,NA,NA,NA,NA,NA,NA,NA,NA,NA,NA,NA,NA
NA,"ec.ribpreto@fflorestal.sp.gov.br","11 93750-8503","Rodovia Prefeito Antonio Duarte Nogueira, km 317, Jardim Progresso – CEP 14031-800","Ribeirão Preto","Plano de Manejo","08/04/2024","ok","Estação Ecológica Ribeirão Preto","ESTAÇÃO ECOLÓGICA RIBEIRÃO PRETO",NA,NA,"Ribeirão Preto",NA,NA,NA,NA,NA,NA,NA,NA,NA,NA,NA,NA,NA,NA
NA,"ec.ribpreto@fflorestal.sp.gov.br","16 3637-1939 
 14 99701 4347","Rodovia Vicinal Capitão José Luiz de Oliveira, Km 11,5 – CEP 14.200-000","São Simão","Plano de Manejo","10/04/2024","ok","Estação Ecológica Santa Maria","ESTAÇÃO ECOLÓGICA SANTA MARIA",NA,NA,"Santa Maria",NA,NA,NA,NA,NA,NA,NA,NA,NA,NA,NA,NA,NA,NA
NA,"sampaio@fflorestal.sp.gov.br jpbsampaio@gmail.com","14 3203-1402","Horto Florestal de Bauru/EEx Bauru: Av. Rodrigues Alves, Quadra 38 nº 35 – CEP: 17.030-000","Bauru","Decreto Estadual n°38.424 de 06/06/1961
 Decreto Estadual n°26.890 de 12/03/1987
 Lei Estadual n° 9.721 de 26/8/1997
 Plano de Manejo","08/04/2024","nome cnuc: ESTAÇÃO ECOLÓGICA DE BAURU","Estação Ecológica Sebastião Aleixo da Silva","ESTAÇÃO ECOLÓGICA SEBASTIÃO ALEIXO DA SILVA",NA,NA,"Sebastião Aleixo da Silva",NA,NA,NA,NA,NA,NA,NA,NA,NA,NA,NA,NA,NA,NA
NA,"beneditoff@fflorestal.sp.gov.br","–","Estr. Luis Queiros Guimarães, KM 05 – CEP: 13279-481","Valinhos","–",NA,"ok","Estação Ecológica Valinhos","ESTAÇÃO ECOLÓGICA VALINHOS",NA,NA,"Valinhos",NA,NA,NA,NA,NA,NA,NA,NA,NA,NA,NA,NA,NA,NA
NA,"thiagobc@fflorestal.sp.gov.br","15 998251527","Est Municipal, Km 25 – Bairro Intervales – CEP: 18315-000","Ribeirão Grande","Plano de Manejo","08/04/2024","ok","Estação Ecológica Xituê","ESTAÇÃO ECOLÓGICA XITUÊ",NA,NA,"Xituê",NA,NA,NA,NA,NA,NA,NA,NA,NA,NA,NA,NA,NA,NA
NA,"pamelatg@fflorestal.sp.gov.br","16 3335-0211","Rua Vereador Mário Ananias s/n, Chácara Flora 
 CEP: 14805-304","Araraquara","–","08/04/2024","não","Estação Experimental Araraquara","ESTAÇÃO EXPERIMENTAL ARARAQUARA",NA,NA,NA,"Araraquara",NA,NA,NA,NA,NA,NA,NA,NA,NA,NA,NA,NA,NA
NA,"eex.saosimao@fflorestal.sp.gov.br
 maicoporto@fflorestal.sp.gov.br","(16 3984-1121
  11 97386-7878","Rua Nutti, s/n, Bento Quirino
  CEP: 14200-000","São Simão","— –","08/04/2024","não","Estação Experimental Bento Quirino","ESTAÇÃO EXPERIMENTAL BENTO QUIRINO",NA,NA,NA,"Bento Quirino",NA,NA,NA,NA,NA,NA,NA,NA,NA,NA,NA,NA,NA
NA,"eeitirapina@fflorestal.sp.gov.br","19 3575-3326 
 11 94327-3884","Rua Oito, Vila Santa Cruz
 CEP: 13530-000","Itirapina","–","008/04/2024","parte da EEc ITIRAPINA?","Estação Experimental Itirapina","ESTAÇÃO EXPERIMENTAL ITIRAPINA",NA,NA,NA,"Itirapina",NA,NA,NA,NA,NA,NA,NA,NA,NA,NA,NA,NA,NA
NA,"ivansuarez@fflorestal.sp.gov.br","19 99758-2647",NA,NA,"–","08.04.2024","não","Estação Experimental Mogi Mirim","ESTAÇÃO EXPERIMENTAL MOGI MIRIM",NA,NA,NA,"Mogi Mirim",NA,NA,NA,NA,NA,NA,NA,NA,NA,NA,NA,NA,NA
NA,"eeitapetininga@if.sp.gov.br","15 3271-3866","Rodovia SP-268 – Estrada Vicinal João Ciriaco Ramos, km 6, Conquista – CEP: 18200-000","Angatuba","Decreto n. 44.389, de 5 de janeiro de 1965","14/03/2024","não","Floresta Estadual Angatuba","FLORESTA ESTADUAL ANGATUBA",NA,NA,NA,NA,"Angatuba",NA,NA,NA,NA,NA,NA,NA,NA,NA,NA,NA,NA
NA,"marlicardoso@fflorestal.sp.gov.br","14 3732-0290","Rua Pernambuco s/n, Bairro Braz I","Avaré/SP","Decreto n° 14.908, de 1.º de agosto de 1945
 Decreto n°44.390, de 5 de janeiro de 1965
 Decreto nº 63.449, de 05 de junho de 2018","01/03/2024","não","Floresta Estadual Avaré I","FLORESTA ESTADUAL AVARÉ I",NA,NA,NA,NA,"Avaré I",NA,NA,NA,NA,NA,NA,NA,NA,NA,NA,NA,NA
NA,"marlicardoso@fflorestal.sp.gov.br","14 3732-0290","Rodovia João Melão, km 251, acesso por estrada municipal rural","Avaré/SP","Decreto n° 34.081, de 28 de novembro de 1958
 Decreto n° 37.185, de 6 de setembro de 1960
 Decreto n° 37.186, de 6 de setembro de 1960
 Decreto n° 44.306, de 30 de dezembro de 1964","01/03/2024","não","Floresta Estadual Avaré II","FLORESTA ESTADUAL AVARÉ II",NA,NA,NA,NA,"Avaré II",NA,NA,NA,NA,NA,NA,NA,NA,NA,NA,NA,NA
NA,"jmello@fflorestal.sp.gov.br","11 2997-5007 R 311","Av. Professor Frederico Hermann Jr., 345 – prédio 12 – 1° andar – Alto de Pinheiros – CEP 05459-010","São Paulo","Decreto nº 55.662 
 Plano de Manejo concluído","10/04/2024","ok","Floresta Estadual Guarulhos","FLORESTA ESTADUAL GUARULHOS",NA,NA,NA,NA,"Guarulhos",NA,NA,NA,NA,NA,NA,NA,NA,NA,NA,NA,NA
NA,"feenarioclaro@fflorestal.sp.gov.br
 simonefreitas@fflorestal.sp.gov.br","19 3533-8327 
 11 94457-7878","Av. Navarro de Andrade, s/nº, CEP: 13506-820","Rio Claro","Plano de Manejo concluído","04/04/2024","ok","Floresta Estadual Edmundo Navarro de Andrade","FLORESTA ESTADUAL EDMUNDO NAVARRO DE ANDRADE",NA,NA,NA,NA,"Edmundo Navarro de Andrade",NA,NA,NA,NA,NA,NA,NA,NA,NA,NA,NA,NA
NA,"fe.noroeste@fflorestal.sp.gov.br","17 3233-6404","Rua José Ponce de Azevedo, s/n
 Bairro: Distrito Industrial
 CEP: 15038000","São José do Rio Preto","Decreto nº 63.455
 Plano de manejo
 Lista de Espécies","18/03/2024","ok","Floresta Estadual Noroeste Paulista","FLORESTA ESTADUAL NOROESTE PAULISTA",NA,NA,NA,NA,"Noroeste Paulista",NA,NA,NA,NA,NA,NA,NA,NA,NA,NA,NA,NA
NA,"mona.pedradobau@fflorestal.sp.gov.br","12 99619-2199","Av. Vereador José Galdino Barbosa – Jardim dos Cisnes – CEP 12490-000","São Bento do Sapucaí","Decreto Nº 56.613","01/04/2024","ok","Monumento Natural Estadual Pedra do Baú","MONUMENTO NATURAL ESTADUAL PEDRA DO BAÚ",NA,NA,NA,NA,NA,"Pedra do Baú",NA,NA,NA,NA,NA,NA,NA,NA,NA,NA,NA
NA,"monapedragrande@fflorestal.sp.gov.br","11 4402-3533","Estrada Municipal Júca Sanches, 400, Jd. Brogota – CEP 12954-070","Atibaia","Decreto Nº 55.662","10/04/2024","ok","Monumento Natural Estadual Pedra Grande","MONUMENTO NATURAL ESTADUAL PEDRA GRANDE",NA,NA,NA,NA,NA,"Pedra Grande",NA,NA,NA,NA,NA,NA,NA,NA,NA,NA,NA
NA,"monamantiqueira@fflorestal.sp.gov.br","Cruzeiro: 13 99671-4503 / Piquete: 12 3156-4119","Endereço 1: Rua Pedro Ribeiro da Silva, 280, Vila Paulo Romeu, Bosque Municipal, Cruzeiro – CEP 12710-560 
 Endereço 2: Av. Major Pedro s/n, Vila Celeste – Portal de Entrada, Piquete – CEP 12260-000","Cruzeiro / Piquete","Decreto Estadual Nº 65.457 de 05 de janeiro 2021","10/04/2024","ok","Monumento Natural Estadual Mantiqueira Paulista","MONUMENTO NATURAL ESTADUAL MANTIQUEIRA PAULISTA",NA,NA,NA,NA,NA,"Mantiqueira Paulista",NA,NA,NA,NA,NA,NA,NA,NA,NA,NA,NA
NA,"pe.aguapei@fflorestal.sp.gov.br","11 96193-7878",NA,"Junqueirópolis","Decreto Estadual nº 43.269","09/04/2024","ok","Parque Estadual Aguapeí","PARQUE ESTADUAL AGUAPEÍ",NA,NA,NA,NA,NA,NA,"Aguapeí","Av. 07 de setembro, n° 1237 – piso superior – Centro – CEP 17890-000",NA,NA,NA,NA,NA,NA,NA,NA,NA
NA,"pe.aguasdabillings@fflorestal.sp.gov.br","11 2997-5000 R 312",NA,"São Bernardo do Campo","Decreto Estadual nº 63.324
 Plano de Manejo","01/03/2024","ok","Parque Estadual Águas da Billings","PARQUE ESTADUAL ÁGUAS DA BILLINGS",NA,NA,NA,NA,NA,NA,"Águas da Billings","Estrada do Montanhão 1030, São Bernardo do Campo – SP",NA,NA,NA,NA,NA,NA,NA,NA,NA
NA,"simonefreitas@fflorestal.sp.gov.br","19 99933-9877",NA,"Águas da Prata","Decreto Estadual nº 63.454","08/04/2024","ok","Parque Estadual Águas da Prata","PARQUE ESTADUAL ÁGUAS DA PRATA",NA,NA,NA,NA,NA,NA,"Águas da Prata","Avenida Washington Luis, 485, Centro – CEP 13890-000",NA,NA,NA,NA,NA,NA,NA,NA,NA
NA,"pe.ara@fflorestal.sp.gov.br","19 3881-3869",NA,"Valinhos","–","08/04/2024","não","Parque Estadual Assessoria da Reforma Agrária","PARQUE ESTADUAL ASSESSORIA DA REFORMA AGRÁRIA",NA,NA,NA,NA,NA,NA,"Assessoria da Reforma Agrária","Estrada Luiz de Queiroz Guimarães, Km 5. Bairro CEP 13279-481",NA,NA,NA,NA,NA,NA,NA,NA,NA
NA,"pe.campinadoencantado@fflorestal.sp.gov.br","13 3856-2267",NA,"Pariquera-Açu","Decreto Estadual nº 8.873","08/04/2024","ok","Parque Estadual Campina do Encantado","PARQUE ESTADUAL CAMPINA DO ENCANTADO",NA,NA,NA,NA,NA,NA,"Campina do Encantado","Rua Santo Saletti, 262 Centro – CEP 11930-000",NA,NA,NA,NA,NA,NA,NA,NA,NA
NA,"pe.camposdojordao@fflorestal.sp.gov.br","12 3663-3762",NA,"Campos do Jordão","Decreto-Lei Estadual nº 11.908","08/05/2024","ok","Parque Estadual Campos do Jordão","PARQUE ESTADUAL CAMPOS DO JORDÃO",NA,NA,NA,NA,NA,NA,"Campos do Jordão","–",NA,NA,NA,NA,NA,NA,NA,NA,NA
NA,"pe.cantareira@fflorestal.sp.gov.br","11 2203-3266 /
 11 2203-0115",NA,"São Paulo","Lei nº 10.228","18/03/2024","ok","Parque Estadual Cantareira","PARQUE ESTADUAL CANTAREIRA",NA,NA,NA,NA,NA,NA,"Cantareira","Rua do Horto, 1799, Horto Florestal – CEP 02377-000",NA,NA,NA,NA,NA,NA,NA,NA,NA
NA,"pe.cantareira@fflorestal.sp.gov.br","11 2448-5395",NA,"Mairiporã","Lei nº 10.228","10/04/2024","parte do PARQUE ESTADUAL DA CANTAREIRA","Parque Estadual Cantareira – Núcleo Águas Claras","PARQUE ESTADUAL CANTAREIRA – NÚCLEO ÁGUAS CLARAS",NA,NA,NA,NA,NA,NA,"Cantareira – Núcleo Águas Claras","Av. Senador José Erminio de Moraes s/nº",NA,NA,NA,NA,NA,NA,NA,NA,NA
NA,"cantareiracabucu@gmail.com","11 2401-6217",NA,"Guarulhos","Lei nº 10.228","10/04/2024","parte do PARQUE ESTADUAL DA CANTAREIRA","Parque Estadual Cantareira – Núcleo Cabuçu","PARQUE ESTADUAL CANTAREIRA – NÚCLEO CABUÇU",NA,NA,NA,NA,NA,NA,"Cantareira – Núcleo Cabuçu","Av. Pedro de Souza Lopes, 7903, Jd. São Luiz",NA,NA,NA,NA,NA,NA,NA,NA,NA
NA,"pe.cantareira@fflorestal.sp.gov.br","11 2203-0115",NA,"Sâo Paulo","Lei nº 10.228","10/04/2024","parte do PARQUE ESTADUAL DA CANTAREIRA","Parque Estadual Cantareira – Núcleo Pedra Grande","PARQUE ESTADUAL CANTAREIRA – NÚCLEO PEDRA GRANDE",NA,NA,NA,NA,NA,NA,"Cantareira – Núcleo Pedra Grande","Rua do Horto, n°1.799 – Horto Florestal CEP 02377-000",NA,NA,NA,NA,NA,NA,NA,NA,NA
NA,"n.engordador@gmail.com","11 2995-3254",NA,"Sâo Paulo","Lei nº 10.228","10/04/2024","parte do PARQUE ESTADUAL DA CANTAREIRA","Parque Estadual Cantareira – Núcleo Engordador","PARQUE ESTADUAL CANTAREIRA – NÚCLEO ENGORDADOR",NA,NA,NA,NA,NA,NA,"Cantareira – Núcleo Engordador","Av. Cel. Sezefredo Fagundes, n°19.100",NA,NA,NA,NA,NA,NA,NA,NA,NA
NA,"pe.carlosbotelho@fflorestal.sp.gov.br","15 3279-0483",NA,"São Miguel Arcanjo","Decreto Estadual nº 19.499","08/05/2024","ok","Parque Estadual Carlos Botelho","PARQUE ESTADUAL CARLOS BOTELHO",NA,NA,NA,NA,NA,NA,"Carlos Botelho","Rodovia SP-139, km 78,5, Bairro do Abaitinga – CEP 18230-000",NA,NA,NA,NA,NA,NA,NA,NA,NA
NA,"pe.carlosbotelho@fflorestal.só.gov.br","15 3279-0483",NA,"São Miguel Arcanjo","Decreto Estadual nº 19.499","10/05/2024","parte do PARQUE ESTADUAL CARLOS BOTELHO","Parque Estadual Carlos Botelho – Núcleo São Miguel Arcanjo","PARQUE ESTADUAL CARLOS BOTELHO – NÚCLEO SÃO MIGUEL ARCANJO",NA,NA,NA,NA,NA,NA,"Carlos Botelho – Núcleo São Miguel Arcanjo","Rodovia SP-139, km 78,5, Bairro do Abaitinga – CEP 18230-000",NA,NA,NA,NA,NA,NA,NA,NA,NA
NA,"pe.carlosbotelho@fflorestal.só.gov.br","15 3279-0483",NA,"São Miguel Arcanjo","Decreto Estadual nº 19.499","10/05/2024","parte do PARQUE ESTADUAL CARLOS BOTELHO","Parque Estadual Carlos Botelho – Núcleo Sete Barras","PARQUE ESTADUAL CARLOS BOTELHO – NÚCLEO SETE BARRAS",NA,NA,NA,NA,NA,NA,"Carlos Botelho – Núcleo Sete Barras","Rodovia SP-139, km 78,5, Bairro do Abaitinga – CEP 18230-000",NA,NA,NA,NA,NA,NA,NA,NA,NA
NA,"pe.cavernadiabo@fflorestal.sp.gov.br","13 3871-1242 ou 13 3871-3318",NA,"Eldorado","Lei Estadual nº 12.810","10/04/2024","ok","Parque Estadual Caverna do Diabo","PARQUE ESTADUAL CAVERNA DO DIABO",NA,NA,NA,NA,NA,NA,"Caverna do Diabo","Rua Dr. Nuno Silva, Nº 773, ao lado do PIT – Posto de Informações Turísticas – CEP 11960-000",NA,NA,NA,NA,NA,NA,NA,NA,NA
NA,"pe.furnas@fflorestal.sp.gov.br","16 3171-1118",NA,"Pedregulho","Decreto Estadual nº 30.591","10/04/2024","ok","Parque Estadual Furnas do Bom Jesus","PARQUE ESTADUAL FURNAS DO BOM JESUS",NA,NA,NA,NA,NA,NA,"Furnas do Bom Jesus","Av. Orestes Quércia, Km 0,7 – CEP 14470-000",NA,NA,NA,NA,NA,NA,NA,NA,NA
NA,"pe.ilhaanchieta@fflorestal.sp.gov.br","12 3842-1231",NA,"Ubatuba","Decreto Estadual nº 9.629","10/04/2024","ok","Parque Estadual Ilha Anchieta","PARQUE ESTADUAL ILHA ANCHIETA",NA,NA,NA,NA,NA,NA,"Ilha Anchieta","Avenida Plínio de França, Nº 85 – Saco da Ribeira ( Píer Saco da Ribeira ) – CEP 11680-000",NA,NA,NA,NA,NA,NA,NA,NA,NA
NA,"pe.ilhacardoso@fflorestal.sp.gov.br","13 3851-1108",NA,"Cananéia","Decreto Estadual nº 40.319
 TABELA 1 – Listagem das espécies encontradas em áreas de restinga no Parque
 Estadual da Ilha do Cardoso (Sugyama, 1998).","14/03/2024","ok","Parque Estadual Ilha do Cardoso","PARQUE ESTADUAL ILHA DO CARDOSO",NA,NA,NA,NA,NA,NA,"Ilha do Cardoso","Avenida Professor Wladimir Besnard, s/n° – Morro São João – CEP 11990-000",NA,NA,NA,NA,NA,NA,NA,NA,NA
NA,"pe.ilhacardoso@fflorestal.sp.gov.br","13 3851-1163 
 13 3851-1108",NA,"Cananéa","Decreto Estadual nº 40.319
 Lista de Espécies","08/05/2024","parte do PE ILHA DO CARDOSO","Parque Estadual Ilha do Cardoso – Núcleo Marujá","PARQUE ESTADUAL ILHA DO CARDOSO – NÚCLEO MARUJÁ",NA,NA,NA,NA,NA,NA,"Ilha do Cardoso – Núcleo Marujá","Avenida Professor Wladimir Besnard, s/n° – Morro São João – CEP 11990-000",NA,NA,NA,NA,NA,NA,NA,NA,NA
NA,"pe.ilhacardoso@fflorestal.sp.gov.br","13 3851-1163
 13 3851-1108",NA,"Cananéia","Decreto Estadual nº 40.319
 Lista de Espécies","08/05/2025","parte do PE ILHA DO CARDOSO","Parque Estadual Ilha do Cardoso – Núcleo Perequê","PARQUE ESTADUAL ILHA DO CARDOSO – NÚCLEO PEREQUÊ",NA,NA,NA,NA,NA,NA,"Ilha do Cardoso – Núcleo Perequê","Avenida Professor Wladimir Besnard, s/n° – Morro São João – CEP 11990-000",NA,NA,NA,NA,NA,NA,NA,NA,NA
NA,"pe.ilhabela@fflorestal.sp.gov.br","12 3896-2660",NA,"Ilhabela","Decreto Estadual nº 9.414","08/04/2024","ok","Parque Estadual Ilhabela","PARQUE ESTADUAL ILHABELA",NA,NA,NA,NA,NA,NA,"Ilhabela","Final da Rua Morro da Cruz, Itaguaçu",NA,NA,NA,NA,NA,NA,NA,NA,NA
NA,"pe.intervales@fflorestal.sp.gov.br","15 3542-1511",NA,"Ribeirão Grande","Decreto Estadual n° 40.135","10/04/2024","ok","Parque Estadual Intervales","PARQUE ESTADUAL INTERVALES",NA,NA,NA,NA,NA,NA,"Intervales","Estrada Municipal, km 25 – CEP 18315-000",NA,NA,NA,NA,NA,NA,NA,NA,NA
NA,"–","–",NA,"–","–",NA,"parte do PE INTERVALES","Parque Estadual Intervales – Núcleo Guapiruvu","PARQUE ESTADUAL INTERVALES – NÚCLEO GUAPIRUVU",NA,NA,NA,NA,NA,NA,"Intervales – Núcleo Guapiruvu","–",NA,NA,NA,NA,NA,NA,NA,NA,NA
NA,"–","–",NA,"–","–",NA,"parte do PE INTERVALES","Parque Estadual Intervales – Núcleo Quilombo","PARQUE ESTADUAL INTERVALES – NÚCLEO QUILOMBO",NA,NA,NA,NA,NA,NA,"Intervales – Núcleo Quilombo","–",NA,NA,NA,NA,NA,NA,NA,NA,NA
NA,"pe.itaberaba@fflorestal.sp.gov.br","11 99994-8454",NA,"São Paulo","Decreto nº 55.662","10/04/2024","ok","Parque Estadual Itaberaba","PARQUE ESTADUAL ITABERABA",NA,NA,NA,NA,NA,NA,"Itaberaba","Rua do Horto, 931, Tremembé – CEP 02377-000",NA,NA,NA,NA,NA,NA,NA,NA,NA
NA,"pe.itapetinga@fflorestal.sp.gov.br","11 4402-3533",NA,"Atibaia","Decreto nº 55.662","10/04/2024","ok","Parque Estadual Itapetinga","PARQUE ESTADUAL ITAPETINGA",NA,NA,NA,NA,NA,NA,"Itapetinga","Estrada Municipal Júca Sanches, 400, Jd. Brogota – CEP 12954-070",NA,NA,NA,NA,NA,NA,NA,NA,NA
NA,"pe.itingucu@fflorestal.sp.gov.br","13 3457-9215",NA,"Peruíbe","–","10/04/2024","PARQUE ESTADUAL DO ITINGUÇU?","Parque Estadual Itinguçu – Núcleo Arpoador","PARQUE ESTADUAL ITINGUÇU – NÚCLEO ARPOADOR",NA,NA,NA,NA,NA,NA,"Itinguçu – Núcleo Arpoador","Estrada Ecologista Arnaldo Paschoalino, s/n, Utinga Grande – CEP 11750-000",NA,NA,NA,NA,NA,NA,NA,NA,NA
NA,"pe.jaragua@fflorestal.sp.gov.br","11 3941-2162 /
 11 3943-5222",NA,"São Paulo","Decreto Estadual nº 10.877;
 Decreto nº 38.391","10/04/2024","ok","Parque Estadual Jaraguá","PARQUE ESTADUAL JARAGUÁ",NA,NA,NA,NA,NA,NA,"Jaraguá","Rua Antônio Cardoso Nogueira, n°539, Vila Chica Luiza – CEP 05184-000",NA,NA,NA,NA,NA,NA,NA,NA,NA
NA,"pe.juquery@fflorestal.sp.gov.br","11 4449-5545",NA,"Franco da Rocha","Anexo I
 Lei Ordinária nº 17304/2020
 Decreto nº 36859/1993","10/04/2024","ok","Parque Estadual Juquery","PARQUE ESTADUAL JUQUERY",NA,NA,NA,NA,NA,NA,"Juquery","Rua Miguel Segundo Lerussi, s/n°, Parque Industrial – CEP 07859-390",NA,NA,NA,NA,NA,NA,NA,NA,NA
NA,"pe.jurupara@fflorestal.sp.gov.br","15 99692-4056",NA,"Ibiúna, Juquitiba","Decreto Estadual nº 35.703","10/04/2024","ok","Parque Estadual Jurupará","PARQUE ESTADUAL JURUPARÁ",NA,NA,NA,NA,NA,NA,"Jurupará","Estrada Turística Cachoeira do França, 13,5km – CEP: 18150-000",NA,NA,NA,NA,NA,NA,NA,NA,NA
NA,"pe.lagamarcananeia@fflorestal.sp.gov.br","13 3851-1108",NA,"Cananéia","Lei Estadual nº 12.810","10/04/2024","ok","Parque Estadual Lagamar de Cananéia","PARQUE ESTADUAL LAGAMAR DE CANANÉIA",NA,NA,NA,NA,NA,NA,"Lagamar de Cananéia","Rua Prof. Vladimir Bersnard, s/n – CEP: 04952-100",NA,NA,NA,NA,NA,NA,NA,NA,NA
NA,"pe.camposdojordao@fflorestal.sp.gov.br","12 3663-1977",NA,"Campos do Jordão","Decreto Estadual nº 37.539","10/04/2024","ok","Parque Estadual Mananciais de Campos do Jordão","PARQUE ESTADUAL MANANCIAIS DE CAMPOS DO JORDÃO",NA,NA,NA,NA,NA,NA,"Mananciais de Campos do Jordão","Rua Tobias Rodrigues do Prado, s/n",NA,NA,NA,NA,NA,NA,NA,NA,NA
NA,"pem.lajedesantos@fflorestal.sp.gov.br","13 997833891",NA,"São Vicente","Decreto Estadual nº 37.537
 Plano de manejo","18/03/2024","nome cnuc:PARQUE ESTADUAL MARINHO DA LAJE DE SANTOS","Parque Estadual Marinho Laje de Santos","PARQUE ESTADUAL MARINHO LAJE DE SANTOS",NA,NA,NA,NA,NA,NA,"Marinho Laje de Santos","Av. Tupiniquins, 1009, Japui – CEP 11325-500",NA,NA,NA,NA,NA,NA,NA,NA,NA
NA,"pe.mdiabo@fflorestal.sp.gov.br","18 3282-1599",NA,"Teodoro Sampaio","Decreto Estadual nº 25.342","10/04/2024","ok","Parque Estadual Morro do Diabo","PARQUE ESTADUAL MORRO DO DIABO",NA,NA,NA,NA,NA,NA,"Morro do Diabo","SPV Rubens Carlos Herling, Km 11, Bairro Córrego Seco – CEP 19280-000",NA,NA,NA,NA,NA,NA,NA,NA,NA
NA,"pe.nascentesdoparanapanema@fflorestal.sp.gov.br","15 3542-2540",NA,"Capão Bonito","Decreto Estadual nº 58.148","10/04/2024","ok","Parque Estadual Nascentes do Paranapanema","PARQUE ESTADUAL NASCENTES DO PARANAPANEMA",NA,NA,NA,NA,NA,NA,"Nascentes do Paranapanema","Rua Dr. Péricles de Freitas, nº 156, Terras do Embiruçu – CEP 18304-750",NA,NA,NA,NA,NA,NA,NA,NA,NA
NA,"pe.pferreira@fflorestal.sp.gov.br","19 99828-5906",NA,"Porto Ferreira","Decreto Estadual nº 40.991;
 Decreto Estadaul nº 26.891Plano de Manejo","01/03/2024","ok","Parque Estadual Porto Ferreira","PARQUE ESTADUAL PORTO FERREIRA",NA,NA,NA,NA,NA,NA,"Porto Ferreira","Rodovia SP, 215 km 89 – CEP 13660-000",NA,NA,NA,NA,NA,NA,NA,NA,NA
NA,"pe.prelado@fflorestal.sp.gov.br","13 3841-2193",NA,"Iguape","Lei nº 14.982","10/04/2024","ok","Parque Estadual Prelado","PARQUE ESTADUAL PRELADO",NA,NA,NA,NA,NA,NA,"Prelado","Praça Engenheiro Greenhalgh, 110 – Centro – CEP: 11920-000",NA,NA,NA,NA,NA,NA,NA,NA,NA
NA,"pe.restingabertioga@fflorestal.sp.gov.br","13 3317-2094",NA,"Bertioga","Decreto Estadual nº 26.891","08/05/2024","ok","Parque Estadual Restinga de Bertioga","PARQUE ESTADUAL RESTINGA DE BERTIOGA",NA,NA,NA,NA,NA,NA,"Restinga de Bertioga","Avenida Henrique Costabile, 114",NA,NA,NA,NA,NA,NA,NA,NA,NA
NA,"pe.riodopeixe@fflorestal.sp.gov.br","18 3841 3419 – Ramal 213
 18 99712 2650",NA,"Escritório de Apoio:Junqueirópolis","Decreto Estadual nº 47.095","08/05/2024","nome cnuc:PARQUE ESTADUAL DO RIO PEIXE","Parque Estadual Rio do Peixe","PARQUE ESTADUAL RIO DO PEIXE",NA,NA,NA,NA,NA,NA,"Rio do Peixe","Escritório de Apoio: 7 de Setembro, nº 1237, Centro, CEP: 17890-000
 Sede Administrativa:
 Rodovia General Euclides de Oliveira Figueiredo (SP-563), km 111",NA,NA,NA,NA,NA,NA,NA,NA,NA
NA,"pe.rioturvo@fflorestal.sp.gov.br","13 2130-4119
 13 99611-6685",NA,"Registro","Lei Estadual nº 12.810","10/04/2024","ok","Parque Estadual Rio Turvo","PARQUE ESTADUAL RIO TURVO",NA,NA,NA,NA,NA,NA,"Rio Turvo","Avenida Wild José de Souza – 456 – Centro – CEP: 11.900-000",NA,NA,NA,NA,NA,NA,NA,NA,NA
NA,"pe.rioturvo@fflorestal.sp.gov.br","13 2130-4117",NA,"Cajati","Lei Estadual nº 12.810","10/04/2024","parte do PE RIO TURVO","Parque Estadual Rio Turvo – Núcleo Capelinha","PARQUE ESTADUAL RIO TURVO – NÚCLEO CAPELINHA",NA,NA,NA,NA,NA,NA,"Rio Turvo – Núcleo Capelinha","Rodovia Régis Bittencourt – BR 116 – KM511 + 640M – pista sul + 5km estrada municipal do bairro Capelinha – CEP: 11.950-000",NA,NA,NA,NA,NA,NA,NA,NA,NA
NA,"pe.rioturvo@fflorestal.sp.gov.br","13 2130-4117",NA,"Barra do Turvo","Lei Estadual nº 12.810","10/04/2024","parte do PE RIO TURVO","Parque Estadual Rio Turvo – Núcleo Cedro","PARQUE ESTADUAL RIO TURVO – NÚCLEO CEDRO",NA,NA,NA,NA,NA,NA,"Rio Turvo – Núcleo Cedro","Rodovia Régis Bittencourt – BR 116 – KM543 – pista norte – CEP: 11.955-000",NA,NA,NA,NA,NA,NA,NA,NA,NA
NA,"pesm.caminhosdomar@fflorestal.sp.gov.br","–",NA,"São Bernardo do Campo","Decreto Estadual nº 22.717","10/05/2024","parte do PE SERRA DO MAR","Parque Estadual Serra do Mar – Caminhos do Mar","PARQUE ESTADUAL SERRA DO MAR – CAMINHOS DO MAR",NA,NA,NA,NA,NA,NA,"Serra do Mar – Caminhos do Mar","Rodovia SP-148 – Caminhos do Mar, km 42 – CEP 09834-010",NA,NA,NA,NA,NA,NA,NA,NA,NA
NA,"pesm.bertioga@fflorestal.sp.gov.br","13 33172094",NA,"Bertioga","Decreto Estadual nº 22.717","11/04/2024","parte do PE SERRA DO MAR","Parque Estadual Serra do Mar – Núcleo Bertioga","PARQUE ESTADUAL SERRA DO MAR – NÚCLEO BERTIOGA",NA,NA,NA,NA,NA,NA,"Serra do Mar – Núcleo Bertioga","Avenida Henrique Costábila, 114",NA,NA,NA,NA,NA,NA,NA,NA,NA
NA,"pesm.caragua@fflorestal.sp.gov.br","12 3882-5999",NA,"–","Decreto Estadual nº 22.717","10/05/2024","parte do PE SERRA DO MAR","Parque Estadual Serra do Mar – Núcleo Caraguatatuba","PARQUE ESTADUAL SERRA DO MAR – NÚCLEO CARAGUATATUBA",NA,NA,NA,NA,NA,NA,"Serra do Mar – Núcleo Caraguatatuba","–",NA,NA,NA,NA,NA,NA,NA,NA,NA
NA,"pesm.cunha@fflorestal.sp.gov.br","12 99751 – 8206 / 12 99723 – 6456",NA,"Cunha","Decreto Estadual nº 22.717","26/03/2024","parte do PE SERRA DO MAR","Parque Estadual Serra do Mar – Núcleo Cunha","PARQUE ESTADUAL SERRA DO MAR – NÚCLEO CUNHA",NA,NA,NA,NA,NA,NA,"Serra do Mar – Núcleo Cunha","Estrada Municipal do Bairro da Paraibuna, km 20",NA,NA,NA,NA,NA,NA,NA,NA,NA
NA,"pesm.curucutu@fflorestal.sp.gov.br","13 3422-5657",NA,"São Paulo","Decreto Estadual nº 22.717","10/04/2024","parte do PE SERRA DO MAR","Parque Estadual Serra do Mar – Núcleo Curucutu","PARQUE ESTADUAL SERRA DO MAR – NÚCLEO CURUCUTU",NA,NA,NA,NA,NA,NA,"Serra do Mar – Núcleo Curucutu","Estrada da Bela Vista, 7090, Embura do Alto – CEP 04891-365",NA,NA,NA,NA,NA,NA,NA,NA,NA
NA,"pesm.itariru@fflorestal.sp.gov.br","13 3419-2792",NA,"Pedro de Toledo","Decreto Estadual nº 22.717","26/04/2024","parte do PE SERRA DO MAR","Parque Estadual Serra do Mar – Núcleo Itariru","PARQUE ESTADUAL SERRA DO MAR – NÚCLEO ITARIRU",NA,NA,NA,NA,NA,NA,"Serra do Mar – Núcleo Itariru","Estrada do Caracol, nº 410 – Caracol – Pedro de Toledo/SP
 CEP: 11790-000",NA,NA,NA,NA,NA,NA,NA,NA,NA
NA,"pesm.itutingapiloes@fflorestal.sp.gov.br","17 99710-9426",NA,"Cubatão – SP","Decreto Estadual nº 22.717
 Shapefile da unidade
 Plano de manejo","04/03/2024","parte do PE SERRA DO MAR","Parque Estadual Serra do Mar – Núcleo Itutinga Pilões","PARQUE ESTADUAL SERRA DO MAR – NÚCLEO ITUTINGA PILÕES",NA,NA,NA,NA,NA,NA,"Serra do Mar – Núcleo Itutinga Pilões","Estrada Elias Zarzur, s/n – Água Fria",NA,NA,NA,NA,NA,NA,NA,NA,NA
NA,"pesm.padredoria@fflorestal.sp.gov.br","11 4696-0981",NA,"Salesópolis","Decreto Estadual nº 22.717","08/05/2024","parte do PE SERRA DO MAR","Parque Estadual Serra do Mar – Núcleo Padre Dória","PARQUE ESTADUAL SERRA DO MAR – NÚCLEO PADRE DÓRIA",NA,NA,NA,NA,NA,NA,"Serra do Mar – Núcleo Padre Dória","Rua Alferes José Luiz de Carvalho, 550 – CEP 08970-000",NA,NA,NA,NA,NA,NA,NA,NA,NA
NA,"pesm.picinguaba@fflorestal.sp.gov.br","12 3832-1397 
 12 3833-6552",NA,"Ubatuba","Decreto Estadual nº 22.717","10/04/2024","parte do PE SERRA DO MAR","Parque Estadual Serra do Mar – Núcleo Picinguaba","PARQUE ESTADUAL SERRA DO MAR – NÚCLEO PICINGUABA",NA,NA,NA,NA,NA,NA,"Serra do Mar – Núcleo Picinguaba","Rodovia BR-101, km 08, Picinguaba – CEP 11680-000",NA,NA,NA,NA,NA,NA,NA,NA,NA
NA,"pesm.santavirginia@fflorestal.sp.gov.br","12 3671-9266 /
 12 3671-9159",NA,"São Luís do Paraitinga","Decreto Estadual nº 22.717
 Lista de espécies","18/03/2024","parte do PE SERRA DO MAR","Parque Estadual Serra do Mar – Núcleo Santa Virgínia","PARQUE ESTADUAL SERRA DO MAR – NÚCLEO SANTA VIRGÍNIA",NA,NA,NA,NA,NA,NA,"Serra do Mar – Núcleo Santa Virgínia","Rodovia Oswaldo Cruz, km 78
 Bairro: Alto da Serra
 CEP: 12140-000",NA,NA,NA,NA,NA,NA,NA,NA,NA
NA,"pesm.saosebastiao@fflorestal.sp.gov.br","12 3863-1707 / 
 12 3863-2520",NA,"São Sebastião","Decreto Estadual nº 22.717","28/03/2024","parte do PE SERRA DO MAR","Parque Estadual Serra do Mar – Núcleo São Sebastião","PARQUE ESTADUAL SERRA DO MAR – NÚCLEO SÃO SEBASTIÃO",NA,NA,NA,NA,NA,NA,"Serra do Mar – Núcleo São Sebastião","Rua Serra do Mar, nº 13 – Juquehy",NA,NA,NA,NA,NA,NA,NA,NA,NA
NA,"petar@fflorestal.sp.gov.br","15 3552-1875",NA,"Apiaí","Decreto Estadual nº 32.283 ;
 Lei Estadual nº 5.973","10/04/2024","nome cnuc:PARQUE ESTADUAL TURÍSTICO DO ALTO DO RIBEIRA","Parque Estadual Turístico do Alto Ribeira","PARQUE ESTADUAL TURÍSTICO DO ALTO RIBEIRA",NA,NA,NA,NA,NA,NA,"Turístico do Alto Ribeira","Av. Isidoro Alpheu Santiago, 364 – CEP: 18320-000",NA,NA,NA,NA,NA,NA,NA,NA,NA
NA,"petar@fflorestal.sp.gov.br","15 3552-1875",NA,NA,"Decreto Estadual nº 32.283 ;
 Lei Estadual nº 5.973",NA,"parte do PE Turístico do Alto do Ribeira","Parque Estadual Turístico do Alto Ribeira – Núcleo Areado","PARQUE ESTADUAL TURÍSTICO DO ALTO RIBEIRA – NÚCLEOÁREADO",NA,NA,NA,NA,NA,NA,"Turístico do Alto Ribeira – Núcleo Areado","–",NA,NA,NA,NA,NA,NA,NA,NA,NA
NA,"petar@fflorestal.sp.gov.br","15 3552-1875",NA,"–","Decreto Estadual nº 32.283 ;
 Lei Estadual nº 5.973",NA,"parte do PE Turístico do Alto do Ribeira","Parque Estadual Turístico do Alto Ribeira – Núcleo Bulha D’água","PARQUE ESTADUAL TURÍSTICO DO ALTO RIBEIRA – NÚCLEO BULHA D'ÁGUA",NA,NA,NA,NA,NA,NA,"Turístico do Alto Ribeira – Núcleo Bulha D’água","–",NA,NA,NA,NA,NA,NA,NA,NA,NA
NA,"petar@fflorestal.sp.gov.br","15 3552-1875",NA,"–","Decreto Estadual nº 32.283 ;
 Lei Estadual nº 5.973",NA,"parte do PE Turístico do Alto do Ribeira","Parque Estadual Turístico do Alto Ribeira – Núcleo Caboclos","PARQUE ESTADUAL TURÍSTICO DO ALTO RIBEIRA – NÚCLEO CABOCLOS",NA,NA,NA,NA,NA,NA,"Turístico do Alto Ribeira – Núcleo Caboclos","–",NA,NA,NA,NA,NA,NA,NA,NA,NA
NA,"petar@fflorestal.sp.gov.br","15 3552-1875",NA,"–","Decreto Estadual nº 32.283 ;
 Lei Estadual nº 5.973",NA,"parte do PE Turístico do Alto do Ribeira","Parque Estadual Turístico do Alto Ribeira – Núcleo Capinzal","PARQUE ESTADUAL TURÍSTICO DO ALTO RIBEIRA – NÚCLEO CAPINZAL",NA,NA,NA,NA,NA,NA,"Turístico do Alto Ribeira – Núcleo Capinzal","–",NA,NA,NA,NA,NA,NA,NA,NA,NA
NA,"petar@fflorestal.sp.gov.br","15 3552-1875",NA,"–","Decreto Estadual nº 32.283 ;
 Lei Estadual nº 5.973",NA,"parte do PE Turístico do Alto do Ribeira","Parque Estadual Turístico do Alto Ribeira – Núcleo Casa de Pedra","PARQUE ESTADUAL TURÍSTICO DO ALTO RIBEIRA – NÚCLEO CASA DE PEDRA",NA,NA,NA,NA,NA,NA,"Turístico do Alto Ribeira – Núcleo Casa de Pedra","–",NA,NA,NA,NA,NA,NA,NA,NA,NA
NA,"petar@fflorestal.sp.gov.br","15 3552-1875",NA,"–","Decreto Estadual nº 32.283 ;
 Lei Estadual nº 5.973",NA,"parte do PE Turístico do Alto do Ribeira","Parque Estadual Turístico do Alto Ribeira – Núcleo Ouro Grosso","PARQUE ESTADUAL TURÍSTICO DO ALTO RIBEIRA – NÚCLEO OURO GROSSO",NA,NA,NA,NA,NA,NA,"Turístico do Alto Ribeira – Núcleo Ouro Grosso","–",NA,NA,NA,NA,NA,NA,NA,NA,NA
NA,"petar@fflorestal.sp.gov.br","15 3552-1875",NA,"–","Decreto Estadual nº 32.283 ;
 Lei Estadual nº 5.973",NA,"parte do PE Turístico do Alto do Ribeira","Parque Estadual Turístico do Alto Ribeira – Núcleo Santana","PARQUE ESTADUAL TURÍSTICO DO ALTO RIBEIRA – NÚCLEO SANTANA",NA,NA,NA,NA,NA,NA,"Turístico do Alto Ribeira – Núcleo Santana","–",NA,NA,NA,NA,NA,NA,NA,NA,NA
NA,"petar@fflorestal.sp.gov.br","15 3552-1875",NA,"–","Decreto Estadual nº 32.283 ;
 Lei Estadual nº 5.973",NA,"parte do PE Turístico do Alto do Ribeira","Parque Estadual Turístico do Alto Ribeira – Núcleo Temimina","PARQUE ESTADUAL TURÍSTICO DO ALTO RIBEIRA – NÚCLEO TEMIMINA",NA,NA,NA,NA,NA,NA,"Turístico do Alto Ribeira – Núcleo Temimina","–",NA,NA,NA,NA,NA,NA,NA,NA,NA
NA,"pe.vassununga@fflorestal.sp.gov.br","19 97163-7206",NA,"Santa Rita do Passa Quatro","Decreto Estadual nº 37.536","28/02/2024","ok","Parque Estadual Vassununga","PARQUE ESTADUAL VASSUNUNGA",NA,NA,NA,NA,NA,NA,"Vassununga","Gleba Capetinga Leste, Rodovia Anhanguera SP 330, km 245, sentido Norte (São Paulo a Ribeirão Preto) – CEP 13670-000",NA,NA,NA,NA,NA,NA,NA,NA,NA
NA,"pe.xixovajapui@fflorestal.sp.gov.br","13 3567-2190 
 13 3567 1767",NA,"São Vicente","Decreto Estadual nº 37.536","10/04/2024","ok","Parque Estadual Xixova-Japuí","PARQUE ESTADUAL XIXOVA-JAPUÍ",NA,NA,NA,NA,NA,NA,"Xixova-Japuí","Av.Tupiniquins, 1009 – Bairro Japuí – CEP 11325-000",NA,NA,NA,NA,NA,NA,NA,NA,NA
NA,"wagnergp@fflorestal.sp.gov.br","13 3821-4494",NA,"Registro","Lei Estadual nº 12.810","10/04/2024","ok","Reserva de Desenvolvimento Sustentável Barreiro / Anhemas","RESERVA DE DESENVOLVIMENTO SUSTENTÁVEL BARREIRO / ANHEMAS",NA,NA,NA,NA,NA,NA,NA,"Av. Clara Gianotti de Souza, 1139 – CEP: 11900-000","Barreiro / Anhemas",NA,NA,NA,NA,NA,NA,NA,NA
NA,"vanessacordeiro@fflorestal.sp.gov.br","13 3457-9243",NA,"Peruíbe","Lei nº 14.982","10/04/2024","ok","Reserva de Desenvolvimento Sustentável Barra do Una","RESERVA DE DESENVOLVIMENTO SUSTENTÁVEL BARRA DO UNA",NA,NA,NA,NA,NA,NA,NA,"Estrada do Guaraú Nº 4164, Guaraú – CEP: 11750-000","Barra do Una",NA,NA,NA,NA,NA,NA,NA,NA
NA,"vanessacordeiro@fflorestal.sp.gov.br","13 34579243",NA,"Peruíbe","Lei nº 14.982","10/04/2024","ok","Reserva de Desenvolvimento Sustentável Despraiado","RESERVA DE DESENVOLVIMENTO SUSTENTÁVEL DESPRAIADO",NA,NA,NA,NA,NA,NA,NA,"Estrada do Guaraú Nº 4164, Guaraú – CEP: 11750-000","Despraiado",NA,NA,NA,NA,NA,NA,NA,NA
NA,"rdsresex.cananeia@fflorestal.sp.gov.br","13 3821-4494",NA,"Cananéia","Lei Estadual nº 12.810","29/02/2024","ok","Reserva de Desenvolvimento Sustentável Itapanhapima","RESERVA DE DESENVOLVIMENTO SUSTENTÁVEL ITAPANHAPIMA",NA,NA,NA,NA,NA,NA,NA,"Wladimir Besnard s/ n° Morro S. João – CEP: 11.990-000","Itapanhapima",NA,NA,NA,NA,NA,NA,NA,NA
NA,"rdsla.pin@gmail.com","13 3821-4494",NA,"Jacupiranga","–","10/04/2024","ok","Reserva de Desenvolvimento Sustentável Lavras","RESERVA DE DESENVOLVIMENTO SUSTENTÁVEL LAVRAS",NA,NA,NA,NA,NA,NA,NA,"Rua Bacuri, 201 – Botujuru – CEP: 11940-000","Lavras",NA,NA,NA,NA,NA,NA,NA,NA
NA,"airtonvieira@fflorestal.sp.gov.br","13 3821-4494",NA,"Jacupiranga","Lei Estadual nº 12.810","10/04/2024","ok","Reserva de Desenvolvimento Sustentável Pinheirinhos","RESERVA DE DESENVOLVIMENTO SUSTENTÁVEL PINHEIRINHOS",NA,NA,NA,NA,NA,NA,NA,"Rua Bacuri, 201 – Botujuru – CEP: 11940-000","Pinheirinhos",NA,NA,NA,NA,NA,NA,NA,NA
NA,"wagnergp@fflorestal.sp.gov.br","13 3821-4494",NA,"Registro","Lei Estadual nº 12.810","10/04/2024","ok","Reserva de Desenvolvimento Sustentável Quilombos Barra do Turvo","RESERVA DE DESENVOLVIMENTO SUSTENTÁVEL QUILOMBOS BARRA DO TURVO",NA,NA,NA,NA,NA,NA,NA,"Av. Clara Gianotti de Souza, 1139 – CEP: 11900-000","Quilombos Barra do Turvo",NA,NA,NA,NA,NA,NA,NA,NA
NA,"rdsresex.cananeia@fflorestal.sp.gov.br","13 3851-1163",NA,"Cananéia","Lei Estadual nº 12.810","29/02/2024","ok","Reserva Extrativista Ilha do Tumba","RESERVA EXTRATIVISTA ILHA DO TUMBA",NA,NA,NA,NA,NA,NA,NA,"Wladimir Besnard s/ n° Morro S. João – CEP: 11.990-000",NA,"Ilha do Tumba",NA,NA,NA,NA,NA,NA,NA
NA,"rdsresex.cananeia@fflorestal.sp.gov.br","13 3851-1163",NA,"Cananéia","Lei Estadual nº 12.810","29/02/2024","ok","Reserva Extrativista Taquari","RESERVA EXTRATIVISTA TAQUARI",NA,NA,NA,NA,NA,NA,NA,"Wladimir Besnard s/ n° Morro S. João – CEP: 11.990-000",NA,"Taquari",NA,NA,NA,NA,NA,NA,NA
NA,NA,NA,NA,NA,NA,NA,"ok","RPPN Besouro de Fogo","RESERVA PARTICULAR DO PATRIMÔNIO NATURAL BESOURO DE FOGO",NA,NA,NA,NA,NA,NA,NA,NA,NA,NA,"1","Besouro de Fogo","São José do Barreiro","40-11/06/2019","36.2181","Portaria FF/DE nº 197/2023",NA
NA,NA,NA,NA,NA,NA,NA,"ok","RPPN Botujuru-Serra do Itapety","RESERVA PARTICULAR DO PATRIMÔNIO NATURAL BOTUJURU-SERRA DO ITAPETY",NA,NA,NA,NA,NA,NA,NA,NA,NA,NA,"2","Botujuru-Serra do Itapety","Mogi das Cruzes","78-30/09/2014","437.3","Portaria FF/DE nº 184/2015",NA
NA,NA,NA,NA,NA,NA,NA,"ok","RPPN Cachoeira da Luisa","RESERVA PARTICULAR DO PATRIMÔNIO NATURAL CACHOEIRA DA LUISA",NA,NA,NA,NA,NA,NA,NA,NA,NA,NA,"3","Cachoeira da Luisa","Bananal","13-28/02/2020","17.6518","Portaria FF/DE nº 012/2024",NA
NA,NA,NA,NA,NA,NA,NA,"ok","RPPN Candeia","RESERVA PARTICULAR DO PATRIMÔNIO NATURAL CANDEIA",NA,NA,NA,NA,NA,NA,NA,NA,NA,NA,"4","Candeia","Bananal","13-27/04/2023","42.754",NA,NA
NA,NA,NA,NA,NA,NA,NA,"ok","RPPN Chácara Santa Inêz","RESERVA PARTICULAR DO PATRIMÔNIO NATURAL CHÁCARA SANTA INÊZ",NA,NA,NA,NA,NA,NA,NA,NA,NA,NA,"5","Chácara Santa Inêz","Bananal","33-20/05/2015","5.5017","Portaria FF/DE nº 61/2022",NA
NA,NA,NA,NA,NA,NA,NA,"ok","RPPN Copaíba","RESERVA PARTICULAR DO PATRIMÔNIO NATURAL COPAÍBA",NA,NA,NA,NA,NA,NA,NA,NA,NA,NA,"6","Copaíba","Socorro","18-26/03/2019","2.31",NA,NA
NA,NA,NA,NA,NA,NA,NA,"ok","RPPN Duas Cachoeiras","RESERVA PARTICULAR DO PATRIMÔNIO NATURAL DUAS CACHOEIRAS",NA,NA,NA,NA,NA,NA,NA,NA,NA,NA,"7","Duas Cachoeiras","Amparo","49-08/06/2010","6.3",NA,NA
NA,NA,NA,NA,NA,NA,NA,"ok","RPPN Fazenda Mata Nativa","RESERVA PARTICULAR DO PATRIMÔNIO NATURAL FAZENDA MATA NATIVA",NA,NA,NA,NA,NA,NA,NA,NA,NA,NA,"8","Fazenda Mata Nativa","Iguape","116-22/10/2021","291.8106",NA,NA
NA,NA,NA,NA,NA,NA,NA,"ok","RPPN Fazenda Renópolis","RESERVA PARTICULAR DO PATRIMÔNIO NATURAL FAZENDA RENÓPOLIS",NA,NA,NA,NA,NA,NA,NA,NA,NA,NA,"9","Fazenda Renópolis","Santo Antônio do Pinhal","24-06/06/2011","83.18","Portaria FF/DE nº 27/2018",NA
NA,NA,NA,NA,NA,NA,NA,"ok","RPPN Floresta das Águas Perenes","RESERVA PARTICULAR DO PATRIMÔNIO NATURAL FLORESTA DAS ÁGUAS PERENES",NA,NA,NA,NA,NA,NA,NA,NA,NA,NA,"10","Floresta das Águas Perenes","Brotas e Ribeirão Bonito","76-27/12/2011","793.7763",NA,NA
NA,NA,NA,NA,NA,NA,NA,"ok","RPPN Floresta Maria Helena","RESERVA PARTICULAR DO PATRIMÔNIO NATURAL FLORESTA MARIA HELENA",NA,NA,NA,NA,NA,NA,NA,NA,NA,NA,"11","Floresta Maria Helena","Cerqueira César","46-13/08/2023
 46-27/04/2024","29.9991",NA,NA
NA,NA,NA,NA,NA,NA,NA,"ok","RPPN Fruta do Lobo","RESERVA PARTICULAR DO PATRIMÔNIO NATURAL FRUTA DO LOBO",NA,NA,NA,NA,NA,NA,NA,NA,NA,NA,"12","Fruta do Lobo","Bananal","03-03/01/2025","30.2201",NA,NA
NA,NA,NA,NA,NA,NA,NA,"ok","RPPN Gigante do Itaguaré","RESERVA PARTICULAR DO PATRIMÔNIO NATURAL GIGANTE DO ITAGUARÉ",NA,NA,NA,NA,NA,NA,NA,NA,NA,NA,"13","Gigante do Itaguaré","Cruzeiro","52-10/05/2018","358.6449","Portaria FF/DE nº 295/2023",NA
NA,NA,NA,NA,NA,NA,NA,"ok","RPPN Guainumbi","RESERVA PARTICULAR DO PATRIMÔNIO NATURAL GUAINUMBI",NA,NA,NA,NA,NA,NA,NA,NA,NA,NA,"14","Guainumbi","São Luis do Paraitinga","79-03/11/2015","38.8356",NA,NA
NA,NA,NA,NA,NA,NA,NA,"não","RPPN Hercules Florence 1 e 2","RESERVA PARTICULAR DO PATRIMÔNIO NATURAL HERCULES FLORENCE 1 E 2",NA,NA,NA,NA,NA,NA,NA,NA,NA,NA,"15","Hercules Florence 1 e 2","Bertioga","42-11/06/2019","493.0006",NA,NA
NA,NA,NA,NA,NA,NA,NA,"não","RPPN Hercules Florence 3, 4, 5, e 6","RESERVA PARTICULAR DO PATRIMÔNIO NATURAL HERCULES FLORENCE 3",NA,NA,NA,NA,NA,NA,NA,NA,NA,NA,"16","Hercules Florence 3, 4, 5, e 6","Bertioga","39-05/06/2012","213.3106",NA,NA
NA,NA,NA,NA,NA,NA,NA,"ok","RPPN Jacarandás","RESERVA PARTICULAR DO PATRIMÔNIO NATURAL JACARANDÁS",NA,NA,NA,NA,NA,NA,NA,NA,NA,NA,"17","Jacarandás","Nazaré Paulista","134-09/12/2021","9.787",NA,NA
NA,NA,NA,NA,NA,NA,NA,"ok","RPPN Jaguaretê","RESERVA PARTICULAR DO PATRIMÔNIO NATURAL JAGUARETÊ",NA,NA,NA,NA,NA,NA,NA,NA,NA,NA,"18","Jaguaretê","Bananal","15-28/02/2020","6.0345",NA,NA
NA,NA,NA,NA,NA,NA,NA,"nome cnuc: RPPN SITIO KON TIKI","RPPN Kon Tiki","RESERVA PARTICULAR DO PATRIMÔNIO NATURAL KON TIKI",NA,NA,NA,NA,NA,NA,NA,NA,NA,NA,"19","Kon Tiki","Santa Rita Passa Quatro","75-27/12/2011","9.2962",NA,NA
NA,NA,NA,NA,NA,NA,NA,"ok","RPPN Marina do Conde","RESERVA PARTICULAR DO PATRIMÔNIO NATURAL MARINA DO CONDE",NA,NA,NA,NA,NA,NA,NA,NA,NA,NA,"20","Marina do Conde","Guarujá","23-29/04/2009
 13-15/02/2013","7.62",NA,NA
NA,NA,NA,NA,NA,NA,NA,"ok","RPPN Mata do Roque","RESERVA PARTICULAR DO PATRIMÔNIO NATURAL MATA DO ROQUE",NA,NA,NA,NA,NA,NA,NA,NA,NA,NA,"21","Mata do Roque","Pirassununga","25-28/03/2022","7.1567",NA,NA
NA,NA,NA,NA,NA,NA,NA,"ok","RPPN Mata Virgem","RESERVA PARTICULAR DO PATRIMÔNIO NATURAL MATA VIRGEM",NA,NA,NA,NA,NA,NA,NA,NA,NA,NA,"22","Mata Virgem","São Paulo","97-25/10/2022","1.48",NA,NA
NA,NA,NA,NA,NA,NA,NA,"ok","RPPN Mosquito","RESERVA PARTICULAR DO PATRIMÔNIO NATURAL MOSQUITO",NA,NA,NA,NA,NA,NA,NA,NA,NA,NA,"23","Mosquito","Narandiba","70-23/09/2008","2.195.8900",NA,NA
NA,NA,NA,NA,NA,NA,NA,"ok","RPPN Nardini Sempre Verde","RESERVA PARTICULAR DO PATRIMÔNIO NATURAL NARDINI SEMPRE VERDE",NA,NA,NA,NA,NA,NA,NA,NA,NA,NA,"24","Nardini Sempre Verde","Monte Alto","24-09/03/2024","14.0315",NA,NA
NA,NA,NA,NA,NA,NA,NA,"ok","RPPN O Primata","RESERVA PARTICULAR DO PATRIMÔNIO NATURAL O PRIMATA",NA,NA,NA,NA,NA,NA,NA,NA,NA,NA,"25","O Primata","São José dos Campos","05-01/02/2011","352.918",NA,NA
NA,NA,NA,NA,NA,NA,NA,"ok","RPPN Olho d’Água","RESERVA PARTICULAR DO PATRIMÔNIO NATURAL OLHO D'ÁGUA",NA,NA,NA,NA,NA,NA,NA,NA,NA,NA,"26","Olho d’Água","Bananal","14-28/02/2020","19.9027",NA,NA
NA,NA,NA,NA,NA,NA,NA,"ok","RPPN Paraíso","RESERVA PARTICULAR DO PATRIMÔNIO NATURAL PARAÍSO",NA,NA,NA,NA,NA,NA,NA,NA,NA,NA,"27","Paraíso","Mairiporã","27-24/04/2008","3.54",NA,NA
NA,NA,NA,NA,NA,NA,NA,"ok","RPPN Paraíso","RESERVA PARTICULAR DO PATRIMÔNIO NATURAL PARAÍSO",NA,NA,NA,NA,NA,NA,NA,NA,NA,NA,"28","Paraíso","São João da Boa Vista e Santo Antonio do Jardim","12-10/02/2021","429.2191",NA,NA
NA,NA,NA,NA,NA,NA,NA,"ok","RPPN Parque do Zizo","RESERVA PARTICULAR DO PATRIMÔNIO NATURAL PARQUE DO ZIZO",NA,NA,NA,NA,NA,NA,NA,NA,NA,NA,"29","Parque do Zizo","Tapiraí","46-05/06/2013","9.2139",NA,NA
NA,NA,NA,NA,NA,NA,NA,"ok","RPPN Pedra da Mina","RESERVA PARTICULAR DO PATRIMÔNIO NATURAL PEDRA DA MINA",NA,NA,NA,NA,NA,NA,NA,NA,NA,NA,"30","Pedra da Mina","Queluz","60-17/07/2013","632.82","Portaria FF/DE nº 79/2020",NA
NA,NA,NA,NA,NA,NA,NA,"ok","RPPN Porto do Ifé","RESERVA PARTICULAR DO PATRIMÔNIO NATURAL PORTO DO IFÉ",NA,NA,NA,NA,NA,NA,NA,NA,NA,NA,"31","Porto do Ifé","Colômbia","66-05/06/2018","54.08","Portaria FF/DE nº 284/2022",NA
NA,NA,NA,NA,NA,NA,NA,"ok","RPPN Pousada Campos da Bocaina","RESERVA PARTICULAR DO PATRIMÔNIO NATURAL POUSADA CAMPOS DA BOCAINA",NA,NA,NA,NA,NA,NA,NA,NA,NA,NA,"32","Pousada Campos da Bocaina","São José do Barreiro","125-28/12/2010","3.79",NA,NA
NA,NA,NA,NA,NA,NA,NA,"ok","RPPN Recanto Olho d’Água","RESERVA PARTICULAR DO PATRIMÔNIO NATURAL RECANTO OLHO D'ÁGUA",NA,NA,NA,NA,NA,NA,NA,NA,NA,NA,"33","Recanto Olho d’Água","Botucatu","41-13/05/2022","10.6342",NA,NA
NA,NA,NA,NA,NA,NA,NA,"ok","RPPN Reserva do Dadinho","RESERVA PARTICULAR DO PATRIMÔNIO NATURAL RESERVA DO DADINHO",NA,NA,NA,NA,NA,NA,NA,NA,NA,NA,"34","Reserva do Dadinho","Atibaia","54-29/06/2012","11.66",NA,NA
NA,NA,NA,NA,NA,NA,NA,"ok","RPPN Reserva do Jacu","RESERVA PARTICULAR DO PATRIMÔNIO NATURAL RESERVA DO JACU",NA,NA,NA,NA,NA,NA,NA,NA,NA,NA,"35","Reserva do Jacu","Atibaia","44-05/06/2013","3.587",NA,NA
NA,NA,NA,NA,NA,NA,NA,"nome cnuc: RPPN RESERVA DO PINHAL – GLEBA 02","RPPN Reserva do Pinhal – Gleba 02","RESERVA PARTICULAR DO PATRIMÔNIO NATURAL RESERVA DO PINHAL – GLEBA 02",NA,NA,NA,NA,NA,NA,NA,NA,NA,NA,"36","Reserva do Pinhal – Gleba 02","Piracaia","66-05/08/2024","1.3081",NA,NA
NA,NA,NA,NA,NA,NA,NA,"nome cnuc: RPPN RESERVA DO PINHAL – GLEBA 03","RPPN Reserva do Pinhal – Gleba 03","RESERVA PARTICULAR DO PATRIMÔNIO NATURAL RESERVA DO PINHAL – GLEBA 03",NA,NA,NA,NA,NA,NA,NA,NA,NA,NA,"37","Reserva do Pinhal – Gleba 03","Piracaia","93-16/11/2024","1.092",NA,NA
NA,NA,NA,NA,NA,NA,NA,"ok","RPPN Reserva dos Muriquis","RESERVA PARTICULAR DO PATRIMÔNIO NATURAL RESERVA DOS MURIQUIS",NA,NA,NA,NA,NA,NA,NA,NA,NA,NA,"38","Reserva dos Muriquis","São José dos Campos","53-15/05/2018","41.3383",NA,NA
NA,NA,NA,NA,NA,NA,NA,"ok","RPPN Reserva Hinayana","RESERVA PARTICULAR DO PATRIMÔNIO NATURAL RESERVA HINAYANA",NA,NA,NA,NA,NA,NA,NA,NA,NA,NA,"39","Reserva Hinayana","Mogi das Cruzes","29-31/03/2014","3.9",NA,NA
NA,NA,NA,NA,NA,NA,NA,"nome cnuc: RPPN MAYAHANA","RPPN Reserva Mahayana","RESERVA PARTICULAR DO PATRIMÔNIO NATURAL RESERVA MAHAYANA",NA,NA,NA,NA,NA,NA,NA,NA,NA,NA,"40","Reserva Mahayana","Mogi das Cruzes","28-24/04/2008","9.34",NA,NA
NA,NA,NA,NA,NA,NA,NA,"ok","RPPN Reserva Muriqui","RESERVA PARTICULAR DO PATRIMÔNIO NATURAL RESERVA MURIQUI",NA,NA,NA,NA,NA,NA,NA,NA,NA,NA,"41","Reserva Muriqui","Tapiraí","01-02/01/2024","15.3016",NA,NA
NA,NA,NA,NA,NA,NA,NA,"ok","RPPN Santa Rita de Cássia","RESERVA PARTICULAR DO PATRIMÔNIO NATURAL SANTA RITA DE CÁSSIA",NA,NA,NA,NA,NA,NA,NA,NA,NA,NA,"42","Santa Rita de Cássia","Queluz","78-03/11/2015","198.23",NA,NA
NA,NA,NA,NA,NA,NA,NA,"ok","RPPN São Elias","RESERVA PARTICULAR DO PATRIMÔNIO NATURAL SÃO ELIAS",NA,NA,NA,NA,NA,NA,NA,NA,NA,NA,"43","São Elias","Capivari","43-02/05/2016","2.8055",NA,NA
NA,NA,NA,NA,NA,NA,NA,"ok","RPPN São Judas Tadeu","RESERVA PARTICULAR DO PATRIMÔNIO NATURAL SÃO JUDAS TADEU",NA,NA,NA,NA,NA,NA,NA,NA,NA,NA,"44","São Judas Tadeu","Juquitiba","65-11/09/2008","6.05",NA,NA
NA,NA,NA,NA,NA,NA,NA,"ok","RPPN São Lourenço","RESERVA PARTICULAR DO PATRIMÔNIO NATURAL SÃO LOURENÇO",NA,NA,NA,NA,NA,NA,NA,NA,NA,NA,"45","São Lourenço","Avaré","04-10/02/2022","44.43",NA,NA
NA,NA,NA,NA,NA,NA,NA,"ok","RPPN Serra da Bocaina","RESERVA PARTICULAR DO PATRIMÔNIO NATURAL SERRA DA BOCAINA",NA,NA,NA,NA,NA,NA,NA,NA,NA,NA,"46","Serra da Bocaina","São José do Barreiro","05-31/01/2019","19.8847","Portaria FF/DE nº 243/2023",NA
NA,NA,NA,NA,NA,NA,NA,"ok","RPPN Serra do Itatins","RESERVA PARTICULAR DO PATRIMÔNIO NATURAL SERRA DO ITATINS",NA,NA,NA,NA,NA,NA,NA,NA,NA,NA,"47","Serra do Itatins","Iguape","84-18/11/2009","75.08",NA,NA
NA,NA,NA,NA,NA,NA,NA,"ok","RPPN Serrinha","RESERVA PARTICULAR DO PATRIMÔNIO NATURAL SERRINHA",NA,NA,NA,NA,NA,NA,NA,NA,NA,NA,"48","Serrinha","Queluz","59-27/06/2014","245.02",NA,NA
NA,NA,NA,NA,NA,NA,NA,"ok","RPPN Sítio das Pedras","RESERVA PARTICULAR DO PATRIMÔNIO NATURAL SÍTIO DAS PEDRAS",NA,NA,NA,NA,NA,NA,NA,NA,NA,NA,"49","Sítio das Pedras","Indaiatuba","03-31/01/2019","1.9019",NA,NA
NA,NA,NA,NA,NA,NA,NA,"ok","RPPN Sítio Manacá","RESERVA PARTICULAR DO PATRIMÔNIO NATURAL SÍTIO MANACÁ",NA,NA,NA,NA,NA,NA,NA,NA,NA,NA,"50","Sítio Manacá","Guaratinguetá","95-14/12/2012","25.083",NA,NA
NA,NA,NA,NA,NA,NA,NA,"ok","RPPN Sítio São Joaquim I","RESERVA PARTICULAR DO PATRIMÔNIO NATURAL SÍTIO SÃO JOAQUIM I",NA,NA,NA,NA,NA,NA,NA,NA,NA,NA,"51","Sítio São Joaquim I","São Bento do Sapucaí","21-13/03/2020","12.6454",NA,NA
NA,NA,NA,NA,NA,NA,NA,"ok","RPPN Sítio Solar da Montanha","RESERVA PARTICULAR DO PATRIMÔNIO NATURAL SÍTIO SOLAR DA MONTANHA",NA,NA,NA,NA,NA,NA,NA,NA,NA,NA,"52","Sítio Solar da Montanha","Atibaia","09-30/01/2018","1.19",NA,NA
NA,NA,NA,NA,NA,NA,NA,"ok","RPPN Sítio Taguaíba II","RESERVA PARTICULAR DO PATRIMÔNIO NATURAL SÍTIO TAGUAÍBA II",NA,NA,NA,NA,NA,NA,NA,NA,NA,NA,"53","Sítio Taguaíba II","Itanhaém","144-21/12/2021","166.748","Portaria FF/DE nº 143/2024",NA
NA,NA,NA,NA,NA,NA,NA,"ok","RPPN Toca da Paca","RESERVA PARTICULAR DO PATRIMÔNIO NATURAL TOCA DA PACA",NA,NA,NA,NA,NA,NA,NA,NA,NA,NA,"54","Toca da Paca","Guatapará","26-24/04/2008
 66-18/09/2008","187.63",NA,NA
NA,NA,NA,NA,NA,NA,NA,"ok","RPPN Transbaú I","RESERVA PARTICULAR DO PATRIMÔNIO NATURAL TRANSBAÚ I",NA,NA,NA,NA,NA,NA,NA,NA,NA,NA,"55","Transbaú I","São Bento do Sapucaí","42-21/04/2024","1.9431",NA,NA
NA,NA,NA,NA,NA,NA,NA,"ok","RPPN Trápaga","RESERVA PARTICULAR DO PATRIMÔNIO NATURAL TRÁPAGA",NA,NA,NA,NA,NA,NA,NA,NA,NA,NA,"56","Trápaga","São Miguel Arcanjo","10-30/01/2018","70.3848",NA,NA
NA,NA,NA,NA,NA,NA,NA,"ok","RPPN Trilhas do Cerrado","RESERVA PARTICULAR DO PATRIMÔNIO NATURAL TRILHAS DO CERRADO",NA,NA,NA,NA,NA,NA,NA,NA,NA,NA,"57","Trilhas do Cerrado","Monte Alto","52-09/06/2022","5.3",NA,NA
NA,NA,NA,NA,NA,NA,NA,"ok","RPPN Vale Verdejante","RESERVA PARTICULAR DO PATRIMÔNIO NATURAL VALE VERDEJANTE",NA,NA,NA,NA,NA,NA,NA,NA,NA,NA,"58","Vale Verdejante","Ubarana","77-30/09/2014","6.3629",NA,NA
NA,NA,NA,NA,NA,NA,NA,"ok","RPPN Vida em Abundância","RESERVA PARTICULAR DO PATRIMÔNIO NATURAL VIDA EM ABUNDÂNCIA",NA,NA,NA,NA,NA,NA,NA,NA,NA,NA,"59","Vida em Abundância","São Bento do Sapucaí","43-21/04/2024","1.9476",NA,NA
NA,NA,NA,NA,NA,NA,NA,"ok","RPPN Vuturussu","RESERVA PARTICULAR DO PATRIMÔNIO NATURAL VUTURUSSU",NA,NA,NA,NA,NA,NA,NA,NA,NA,NA,"60","Vuturussu","Santana de Parnaíba","05-31/01/2020","161.3241","Portaria FF/DE nº 017/2023",NA
NA,"manoel.santos@fflorestal.sp.gov.br","13 3457-9246","Estrada do Guaraú, nº 4.164 – CEP11750-000","Peruíbe","Lei nº 14.982
 Localização e acessos da UC a partir da capital
 RVS Ilhas Abrigo e Guararitama","10/04/2024","ok","Refúgio da Vida Silvestre Ilhas do Abrigo e Guararitama","REFÚGIO DA VIDA SILVESTRE ILHAS DO ABRIGO E GUARARITAMA",NA,NA,NA,NA,NA,NA,NA,NA,NA,NA,NA,NA,NA,NA,NA,NA,"Ilhas do Abrigo e Guararitama"
NA,"nelson.gallo@fflorestal.sp.gov.br","14 99833-0149","Av. Rodrigues Alves, 38-25 – Horto Florestal, SP, 17030-000","Bauru","–","10/04/2024","ok","Refúgio da Vida Silvestre Aimorés","REFÚGIO DA VIDA SILVESTRE AIMORÉS",NA,NA,NA,NA,NA,NA,NA,NA,NA,NA,NA,NA,NA,NA,NA,NA,"Aimorés"
